"","ville_principale","Code","Libellé","loyer_m2","logements_vacants","med_revenu","jeunes","densite_pop","nouveaux_menages","beneficiaires_rsa","metropole","si_paris","temps_tgv_paris"
"1","Bordeaux","33004","Ambès","10.8","8.6",20490,"8","110.97","9.7","112.4","0","0",124
"2","Bordeaux","33032","Bassens","12.5","4.9",21280,"7.7","761.36","13.8","94.3","0","0",124
"3","Bordeaux","33003","Ambarès-et-Lagrave","12.1","4.5",21780,"7.7","677.34","8.9","146.2","0","0",124
"4","Bordeaux","33056","Blanquefort","12.8","3.7",24700,"8.7","474.9","11.4","84.2","0","0",124
"5","Bordeaux","33013","Artigues-près-Bordeaux","12.3","3.9",24380,"7.1","1184.25","9.9","79.7","0","0",124
"6","Bordeaux","33065","Bouliac","15.4","4.7",30540,"6.4","503.07","13","19.2","0","0",124
"7","Bordeaux","33039","Bègles","13.8","6.4",23360,"10.1","3081.3","16.2","89.7","0","0",124
"8","Bordeaux","33075","Bruges","13.4","4.8",25550,"8","1423.59","13.7","49.3","0","0",124
"9","Bordeaux","33096","Carbon-Blanc","12.7","3.1",23210,"7.3","2128.21","10.1","73.9","0","0",124
"10","Bordeaux","33119","Cenon","13.3","6.9",18920,"11.6","4868.73","16.5","137.7","0","0",124
"11","Bordeaux","33069","Le Bouscat","14.4","7.4",27570,"6.9","4592.26","11.2","61","0","0",124
"12","Bordeaux","33167","Floirac","13.5","7.8",20850,"7.3","2040.11","9.9","128.7","0","0",124
"13","Bordeaux","33192","Gradignan","14.2","4",25980,"13.1","1635.13","16.1","56.1","0","0",124
"14","Bordeaux","33200","Le Haillan","12.8","3.8",25760,"7.4","1244.3","12.5","56.8","0","0",124
"15","Bordeaux","33249","Lormont","12.8","5",18200,"9.7","3147.43","12","154.6","0","0",124
"16","Bordeaux","33273","Martignas-sur-Jalle","13.6","4.6",27750,"7.9","297.35","12.9","27.8","0","0",124
"17","Bordeaux","33281","Mérignac","14.4","3.6",24770,"10","1571.14","14.5","63.4","0","0",124
"18","Bordeaux","33063","Bordeaux","15.5","7.2",24870,"17.2","5299.68","22.2","81.3","1","0",124
"19","Bordeaux","33318","Pessac","14.2","3.8",25940,"16.6","1720.62","18.4","60.4","0","0",124
"20","Bordeaux","33376","Saint-Aubin-de-Médoc","13.3","3.2",31090,"5.9","218.53","8.2","35.2","0","0",124
"21","Bordeaux","33434","Saint-Louis-de-Montferrand","12.2","5",22090,"7.3","198.52","12","91.9","0","0",124
"22","Bordeaux","33449","Saint-Médard-en-Jalles","13.7","2.4",26740,"6.9","381.45","11.3","45.5","0","0",124
"23","Bordeaux","33487","Saint-Vincent-de-Paul","11.2","7.8",22830,"5.4","71.73","9.9","154.7","0","0",124
"24","Bordeaux","33162","Eysines","13.4","4.8",23980,"7.6","2031.17","14.9","84.2","0","0",124
"25","Bordeaux","33522","Talence","14.8","5.5",24260,"25.1","5448.8","25.5","118.1","0","0",124
"26","Bordeaux","33550","Villenave-d'Ornon","13.2","3.9",23780,"9.7","1901.41","16.1","73.2","0","0",124
"27","Bordeaux","33519","Le Taillan-Médoc","12.9","3.3",27210,"5.7","705.72","8.6","59.5","0","0",124
"28","Bordeaux","33312","Parempuyre","13","4",23910,"7","465.23","15.3","61.7","0","0",124
"29","Brest","29019","Brest","11.3","6.7",21420,"16.9","2820.59","20.4","101.4","1","0",205
"30","Brest","29061","Gouesnou","12.3","4.3",26020,"6.3","524.55","9.5","45.9","0","0",205
"31","Brest","29011","Bohars","11.3","2.6",28470,"5.5","495.21","7.9","30.5","0","0",205
"32","Brest","29189","Plougastel-Daoulas","11.3","5.5",26580,"5","287.29","7.8","37.8","0","0",205
"33","Brest","29212","Plouzané","11.8","3.1",24740,"8.8","407.04","9.9","26.3","0","0",205
"34","Brest","29069","Guilers","11.7","2.9",24640,"7","430","9.8","29.7","0","0",205
"35","Brest","29075","Guipavas","11.7","4",25310,"6.8","350.57","9.5","33.9","0","0",205
"36","Brest","29235","Le Relecq-Kerhuon","11.9","3.2",26510,"6.2","1842.34","10.1","46.4","0","0",205
"37","Clermont-Ferrand","63019","Aulnat","10.2","5.2",20610,"7.4","979.76","10.6","81.1","0","0",210
"38","Clermont-Ferrand","63042","Blanzat","11.4","6.6",25110,"5.2","537.43","7.4","42","0","0",210
"39","Clermont-Ferrand","63014","Aubière","11.5","7.4",24600,"22.9","1326.1","20.1","48.3","0","0",210
"40","Clermont-Ferrand","63069","Le Cendre","10.8","5.2",24080,"6","1308.1","9.4","35.6","0","0",210
"41","Clermont-Ferrand","63032","Beaumont","11.5","8.9",25510,"9.3","2662.5","13.5","69.4","0","0",210
"42","Clermont-Ferrand","63075","Chamalières","12.7","12.8",27630,"7.9","4593.16","14.3","50.3","0","0",210
"43","Clermont-Ferrand","63099","Châteaugay","11.2","8.6",26340,"5.9","340.22","8.5","19.2","0","0",210
"44","Clermont-Ferrand","63113","Clermont-Ferrand","11.6","8.1",20430,"19.3","3450.28","23.1","116.6","1","0",210
"45","Clermont-Ferrand","63070","Ceyrat","11.2","10",28590,"4.7","685.27","8.4","47.1","0","0",210
"46","Clermont-Ferrand","63141","Durtol","10.7","9.7",27850,"5.2","503.75","7.1","61.4","0","0",210
"47","Clermont-Ferrand","63164","Gerzat","11.2","6.1",22270,"8.2","629.33","9.4","137","0","0",210
"48","Clermont-Ferrand","63193","Lempdes","11.4","5.8",23620,"10.3","704.31","12","49.2","0","0",210
"49","Clermont-Ferrand","63254","Nohanent","10.7","6.3",27570,"5.7","535.48","7.3","18.3","0","0",210
"50","Clermont-Ferrand","63263","Orcines","9.6","8.7",29370,"4.6","83.51","8.7","18.5","0","0",210
"51","Clermont-Ferrand","63272","Pérignat-lès-Sarliève","11.2","15.6",28530,"5.6","718.21","10.8","30.1","0","0",210
"52","Clermont-Ferrand","63063","Cébazat","11.7","6.3",23990,"5.5","894.6","9.2","74.5","0","0",210
"53","Clermont-Ferrand","63307","Romagnat","10.4","7",25430,"6.3","468.39","9.2","48.6","0","0",210
"54","Clermont-Ferrand","63308","Royat","11.6","22.8",27950,"7","667.12","13.9","76","0","0",210
"55","Clermont-Ferrand","63345","Saint-Genès-Champanelle","10.3","8.9",27550,"4.2","75.25","7.9","17.3","0","0",210
"56","Clermont-Ferrand","63284","Pont-du-Château","9.8","6.5",24120,"6.6","576.81","9.9","49.2","0","0",210
"57","Clermont-Ferrand","63124","Cournon-d'Auvergne","11.8","5",23720,"6.1","1085.65","9.4","77.7","0","0",210
"58","Dijon","21105","Bressey-sur-Tille","11.4","2.1",24950,"5.9","153.7","8","55.5","0","0",100
"59","Dijon","21106","Bretenière","10","2.5",25070,"6.1","152","7.9","9","0","0",100
"60","Dijon","21171","Chevigny-Saint-Sauveur","12.7","3.6",23490,"8.9","904.46","11.6","45.5","0","0",100
"61","Dijon","21192","Corcelles-les-Monts","11.2","12",29080,"4.7","45.03","9.2","0","0","0",100
"62","Dijon","21223","Daix","13.2","4.8",33340,"5.8","129.58","11.1","29.2","0","0",100
"63","Dijon","21166","Chenôve","11.9","6.9",18650,"8.3","1952.03","11.4","141.3","0","0",100
"64","Dijon","21263","Fénay","10.1","3.9",27260,"6.2","161.62","8.8","15.3","0","0",100
"65","Dijon","21270","Flavignerot","11.2","4.5",27110,"4.5","35.4","3.7","0","0","0",100
"66","Dijon","21278","Fontaine-lès-Dijon","13","6.4",28750,"6.5","1966","9.7","34.5","0","0",100
"67","Dijon","21315","Hauteville-lès-Dijon","11.4","4",31780,"6.4","135.22","7.3","22.6","0","0",100
"68","Dijon","21355","Longvic","12.4","5",21840,"8.4","818.49","14.3","84.5","0","0",100
"69","Dijon","21003","Ahuy","12.6","3.8",26760,"7","247.5","16.3","32.9","0","0",100
"70","Dijon","21390","Marsannay-la-Côte","12.1","5.6",23980,"6.9","414.77","8.6","48.2","0","0",100
"71","Dijon","21452","Neuilly-Crimolois","11.4","4.6",23690,"6.7","383.66","8.4","43.3","0","0",100
"72","Dijon","21473","Ouges","10.1","4.4",25500,"34.5","132.56","9","19.7","0","0",100
"73","Dijon","21481","Perrigny-lès-Dijon","12.9","4",25290,"6.9","335.67","14.9","40.3","0","0",100
"74","Dijon","21485","Plombières-lès-Dijon","11","8.8",23480,"7.6","155.43","9.2","117.1","0","0",100
"75","Dijon","21515","Quetigny","13.3","3.5",22670,"9.4","1081.59","9.6","69.9","0","0",100
"76","Dijon","21540","Saint-Apollinaire","13.6","3.8",25330,"7.8","734.31","14.1","46.9","0","0",100
"77","Dijon","21605","Sennecey-lès-Dijon","11.4","2.2",25280,"7.5","601.47","4.3","40.1","0","0",100
"78","Dijon","21617","Talant","12.6","5.7",23800,"7","2427.35","10.8","116.3","0","0",100
"79","Dijon","21370","Magny-sur-Tille","11.4","2.9",26450,"8","83.3","3.9","26.7","0","0",100
"80","Dijon","21231","Dijon","12.3","7.4",22720,"18.7","3944.21","22.9","81.8","1","0",100
"81","Grenoble","38057","Bresson","12.5","4.8",34920,"6.1","238.21","9.7","26.8","0","0",170
"82","Grenoble","38068","Champagnier","13.3","4.5",31460,"4.6","213.03","11.5","11.7","0","0",170
"83","Grenoble","38111","Claix","12.8","3.9",29740,"5.6","326.1","7.3","33.3","0","0",170
"84","Grenoble","38059","Brié-et-Angonnes","14.9","4.9",32620,"5.6","259.9","9.6","10","0","0",170
"85","Grenoble","38150","Domène","12.7","5.4",24200,"7.8","1267.92","13.2","46.6","0","0",170
"86","Grenoble","38151","Échirolles","13","6.1",19930,"9.4","4664.43","13.5","156.9","0","0",170
"87","Grenoble","38158","Eybens","13.3","6.1",25120,"7.8","2216.44","8.3","81.1","0","0",170
"88","Grenoble","38126","Corenc","13.8","6.8",37560,"5.5","636.77","9.5","19","0","0",170
"89","Grenoble","38170","Fontanil-Cornillon","13.5","6.7",27990,"5.8","619.09","15.1","26.7","0","0",170
"90","Grenoble","38179","Gières","15.6","6.3",26010,"16","1037.83","23.2","37.7","0","0",170
"91","Grenoble","38185","Grenoble","13","12.7",22140,"18.3","8700.39","22.1","98.3","1","0",170
"92","Grenoble","38187","Le Gua","10.2","16.8",26220,"6","64.49","9.5","13.7","0","0",170
"93","Grenoble","38188","Herbeys","14.2","8",32700,"4","178.96","6.8","13.1","0","0",170
"94","Grenoble","38200","Jarrie","11.9","7.1",28430,"5.2","293.46","8.1","23.3","0","0",170
"95","Grenoble","38071","Champ-sur-Drac","11.4","5.1",24940,"6.3","375.17","13.1","19.9","0","0",170
"96","Grenoble","38235","Miribel-Lanchâtre","10.2","1.6",27470,"4.9","46.39","9.9","0","0","0",170
"97","Grenoble","38252","Montchaboud","12.5","3",29550,"5","171","3.3","0","0","0",170
"98","Grenoble","38258","Mont-Saint-Martin","11.9","4.7",NA,"2.3","16.6","11.6","0","0","0",170
"99","Grenoble","38271","Murianette","14.8","3.3",28880,"7.4","142.13","7.7","17.4","0","0",170
"100","Grenoble","38277","Notre-Dame-de-Commiers","9.6","6.9",26970,"5.4","111.46","5","14.9","0","0",170
"101","Grenoble","38169","Fontaine","12","8.1",20790,"8.9","3416.57","13.1","100.5","0","0",170
"102","Grenoble","38281","Noyarey","11.3","6.5",26880,"4.9","134.73","7.7","19.1","0","0",170
"103","Grenoble","38309","Poisat","15.7","5.3",28010,"6.2","816.54","8.7","59.8","0","0",170
"104","Grenoble","38317","Le Pont-de-Claix","12.3","8.1",20220,"9.4","1929.46","13.5","110.9","0","0",170
"105","Grenoble","38325","Proveysieux","11.9","7.9",27350,"2.7","25.34","7.3","34.7","0","0",170
"106","Grenoble","38328","Quaix-en-Chartreuse","11.4","6.3",31990,"4.7","50.17","7.2","8.8","0","0",170
"107","Grenoble","38364","Saint-Barthélemy-de-Séchilienne","11.4","12.8",26140,"3.5","35.21","10.9","18","0","0",170
"108","Grenoble","38382","Saint-Égrève","12.2","5.4",25910,"5.9","1559.17","10.9","64.8","0","0",170
"109","Grenoble","38388","Saint-Georges-de-Commiers","11.4","5.1",27370,"5","181.23","8.8","6.2","0","0",170
"110","Grenoble","38421","Saint-Martin-d'Hères","12.7","5.8",21160,"23.5","4134.84","20.7","70","0","0",170
"111","Grenoble","38423","Saint-Martin-le-Vinoux","13","8.5",24020,"8.6","576.73","15.4","68.4","0","0",170
"112","Grenoble","38436","Saint-Paul-de-Varces","12.5","1.3",30530,"4.7","112.89","6","7.8","0","0",170
"113","Grenoble","38445","Saint-Pierre-de-Mésage","11.4","8.9",26760,"4.7","113","6.1","10.8","0","0",170
"114","Grenoble","38471","Le Sappey-en-Chartreuse","13.4","9.9",31410,"4.7","75.3","12.3","13.9","0","0",170
"115","Grenoble","38472","Sarcenas","11.4","1.8",30770,"4.5","31.03","6.2","0","0","0",170
"116","Grenoble","38474","Sassenage","13.1","5.6",25750,"7.7","876.69","8.9","51.3","0","0",170
"117","Grenoble","38478","Séchilienne","10.6","12.9",24000,"4.9","47.63","6.5","15.9","0","0",170
"118","Grenoble","38485","Seyssinet-Pariset","13.1","6.7",24820,"7.7","1098.41","11.3","49.5","0","0",170
"119","Grenoble","38486","Seyssins","14.1","4",29300,"5.7","999.62","9.5","37.6","0","0",170
"120","Grenoble","38516","La Tronche","14.1","11.6",30000,"16.4","1010.94","17.8","48.4","0","0",170
"121","Grenoble","38524","Varces-Allières-et-Risset","15.1","6.1",26780,"16.9","396.51","11.1","26.6","0","0",170
"122","Grenoble","38528","Vaulnaveys-le-Bas","12.5","5.1",28710,"5.1","114.29","12.7","17.9","0","0",170
"123","Grenoble","38529","Vaulnaveys-le-Haut","13.2","10.1",29360,"5","201.01","11.3","10.4","0","0",170
"124","Grenoble","38533","Venon","14.2","5.3",32850,"4.1","186.28","7.6","10.7","0","0",170
"125","Grenoble","38540","Veurey-Voroize","11.9","7.4",27510,"7.9","114.84","8.9","45.9","0","0",170
"126","Grenoble","38545","Vif","13.9","5.5",26090,"7.1","303.32","10.3","29","0","0",170
"127","Grenoble","38562","Vizille","11","12.1",22530,"8.1","694.57","12.4","62.6","0","0",170
"128","Grenoble","38229","Meylan","14.6","5.8",30440,"7.1","1510","11.4","38.6","0","0",170
"129","Grenoble","38279","Notre-Dame-de-Mésage","11.4","4.3",26290,"5.9","245.78","5","0","0","0",170
"130","Lille","59009","Villeneuve-d'Ascq","14.2","4",22000,"15.6","2256.98","15.6","117.6","0","0",60
"131","Lille","59013","Anstaing","13.5","3.6",27530,"7.5","696.09","7","39.1","0","0",60
"132","Lille","59005","Allennes-les-Marais","12.1","3.7",26280,"8.9","636.96","8.8","16.7","0","0",60
"133","Lille","59025","Aubers","13.1","4.5",29920,"5.1","170.5","9.5","24.6","0","0",60
"134","Lille","59011","Annœullin","11.8","3.4",23710,"8.5","1197.78","9.4","54.8","0","0",60
"135","Lille","59051","La Bassée","12.1","7.5",20670,"8.5","1892","14.3","113.1","0","0",60
"136","Lille","59052","Bauvin","10.9","4.9",22360,"6.6","1281.79","7.6","68.2","0","0",60
"137","Lille","59056","Beaucamps-Ligny","13.1","4.1",30650,"7.1","168.8","8.5","37.9","0","0",60
"138","Lille","59044","Baisieux","14","3.9",26930,"8.8","595.06","14.2","27","0","0",60
"139","Lille","59090","Bondues","14.2","3.4",34880,"6.5","741.45","7.7","35.9","0","0",60
"140","Lille","59098","Bousbecque","12.3","3.3",24840,"7.5","757.34","7.5","42.5","0","0",60
"141","Lille","59106","Bouvines","13.5","6.1",29690,"4.9","279.63","10","10.8","0","0",60
"142","Lille","59128","Capinghem","13.8","5.7",26300,"12","1302.11","31.3","42.6","0","0",60
"143","Lille","59133","Carnin","12.1","3.9",27100,"5.2","467.83","8.4","7.4","0","0",60
"144","Lille","59143","La Chapelle-d'Armentières","12.4","4.2",23360,"7.8","846.5","14.5","60.3","0","0",60
"145","Lille","59146","Chéreng","14","3.4",31250,"7","714.52","7.3","13.3","0","0",60
"146","Lille","59152","Comines","12.7","5",22310,"8.1","791.94","8.1","77.3","0","0",60
"147","Lille","59163","Croix","13.9","8.5",23360,"9.4","4722.27","12.9","106.5","0","0",60
"148","Lille","59173","Deûlémont","12.9","3.8",26320,"7.8","183.74","7.6","20.7","0","0",60
"149","Lille","59193","Emmerin","13","6.9",27020,"5.9","623.06","5.7","31.4","0","0",60
"150","Lille","59195","Englos","12.9","1.6",30440,"6","438.57","8.4","12.6","0","0",60
"151","Lille","59196","Ennetières-en-Weppes","13.9","4.6",31230,"6.3","124.33","7.6","18.8","0","0",60
"152","Lille","59201","Erquinghem-le-Sec","13.1","1.8",30070,"7.6","334.44","9.6","12.7","0","0",60
"153","Lille","59202","Erquinghem-Lys","13.1","3.7",23060,"7.9","595.11","7.8","42.9","0","0",60
"154","Lille","59208","Escobecques","13.9","2.7",37210,"3.3","159.47","2.4","0","0","0",60
"155","Lille","59220","Faches-Thumesnil","13","4.5",22280,"7.7","3936.96","9.9","211","0","0",60
"156","Lille","59247","Forest-sur-Marque","13.8","2.4",28160,"7.1","1659","10.2","25.3","0","0",60
"157","Lille","59250","Fournes-en-Weppes","13.4","4.3",29740,"4.3","267.07","8.3","11.4","0","0",60
"158","Lille","59252","Frelinghien","12.5","3.6",25080,"7","228.41","8.4","30.7","0","0",60
"159","Lille","59256","Fretin","12.9","6.6",26580,"6.7","244.47","7.6","36.4","0","0",60
"160","Lille","59257","Fromelles","13.1","5.7",29030,"5.6","126.59","11.2","7.3","0","0",60
"161","Lille","59275","Gruson","14","3.9",35560,"8.5","399.03","7.1","6.6","0","0",60
"162","Lille","59278","Hallennes-lez-Haubourdin","13.5","3.4",24380,"7.9","1097.21","11.2","35.9","0","0",60
"163","Lille","59279","Halluin","12.4","4.6",21590,"8.9","1653.1","11","99.8","0","0",60
"164","Lille","59281","Hantay","12.6","2.8",24950,"6.2","599.52","7","47.4","0","0",60
"165","Lille","59286","Haubourdin","13.1","5.2",21490,"8.5","2784.34","11.8","105.9","0","0",60
"166","Lille","59299","Hem","13.7","3.5",23140,"7.9","1929.18","9","132.8","0","0",60
"167","Lille","59303","Herlies","12.3","2.5",27360,"6.8","327.18","8.2","27.9","0","0",60
"168","Lille","59316","Houplin-Ancoisne","13","5.3",25620,"6.3","503.85","5.3","31.2","0","0",60
"169","Lille","59317","Houplines","11.4","6.9",22140,"7.6","698.85","11","82","0","0",60
"170","Lille","59320","Illies","12.6","4.1",24770,"6.7","210.63","13.2","37.7","0","0",60
"171","Lille","59328","Lambersart","14","5.3",28160,"8.4","4374.35","12.9","66.7","0","0",60
"172","Lille","59017","Armentières","12.1","9",18920,"10.1","4060.48","14.4","186.5","0","0",60
"173","Lille","59339","Leers","13.2","4.5",24390,"7","1775.56","8.3","46.7","0","0",60
"174","Lille","59343","Lesquin","13.6","5.1",25570,"8.1","1100.12","10.8","46.9","0","0",60
"175","Lille","59346","Lezennes","13.7","6.5",25880,"7.5","1437.62","8.8","33.3","0","0",60
"176","Lille","59350","Lille","15","8.6",20520,"22.7","6802.01","25","130.8","1","0",60
"177","Lille","59352","Linselles","13.1","3.9",25380,"7.2","700.17","8.5","39.4","0","0",60
"178","Lille","59088","Bois-Grenier","13.1","7.6",29050,"6.9","249.03","10.2","23","0","0",60
"179","Lille","59360","Loos","13.5","7.5",19610,"14.7","3287.57","16.2","116.7","0","0",60
"180","Lille","59367","Lys-lez-Lannoy","13.1","4.9",22400,"8.1","4179.7","10.9","103.8","0","0",60
"181","Lille","59368","La Madeleine","14.7","8.7",25270,"8.9","8031.43","15.8","73.8","0","0",60
"182","Lille","59371","Le Maisnil","13.9","4.2",34170,"6.1","179.43","8.1","0","0","0",60
"183","Lille","59378","Marcq-en-Barœul","14.8","6.2",29490,"7.2","2811.14","12.2","56.9","0","0",60
"184","Lille","59386","Marquette-lez-Lille","13","3.6",24500,"7.8","2288.37","10","79.1","0","0",60
"185","Lille","59388","Marquillies","12.3","5.1",26720,"5.6","287.25","7","31.3","0","0",60
"186","Lille","59410","Mons-en-Barœul","13.4","6.4",19570,"10.7","7402.41","10.3","139.1","0","0",60
"187","Lille","59421","Mouvaux","14.3","5.6",29430,"6.5","3136.43","8.1","48.5","0","0",60
"188","Lille","59426","Neuville-en-Ferrain","13","3.1",25120,"7.3","1638.71","6.6","33.3","0","0",60
"189","Lille","59437","Noyelles-lès-Seclin","13","4.6",28500,"7.9","352.08","6.2","30.9","0","0",60
"190","Lille","59457","Pérenchies","13.2","4",23810,"8.3","2839.67","11.4","56.7","0","0",60
"191","Lille","59458","Péronne-en-Mélantois","13.3","7.9",30020,"7.5","912.73","15","0","0","0",60
"192","Lille","59470","Prémesques","13.1","2.8",28490,"7.3","403.92","8.7","19","0","0",60
"193","Lille","59477","Provin","11.4","6",22130,"8.1","1314.41","11.2","60.2","0","0",60
"194","Lille","59482","Quesnoy-sur-Deûle","12.5","4.5",25610,"7.9","480.56","9.6","81.5","0","0",60
"195","Lille","59487","Radinghem-en-Weppes","13.9","4.6",31950,"5.7","204.85","6.4","17.9","0","0",60
"196","Lille","59507","Ronchin","13.4","4.4",22130,"9.4","3599.44","11.7","133.9","0","0",60
"197","Lille","59508","Roncq","13.1","3.3",25280,"8","1300.38","10","50.9","0","0",60
"198","Lille","59512","Roubaix","12.5","9.9",14580,"11.7","7491.82","14.1","380.9","0","0",60
"199","Lille","59522","Sailly-lez-Lannoy","13.3","3.2",29860,"7","442.95","18","29","0","0",60
"200","Lille","59523","Sainghin-en-Mélantois","13.6","5.9",31510,"5.4","271.24","9","39.1","0","0",60
"201","Lille","59524","Sainghin-en-Weppes","12.2","6.4",24770,"7.4","732.6","9.3","30","0","0",60
"202","Lille","59527","Saint-André-lez-Lille","14.4","3.8",24610,"8.1","4044.38","12.9","73.8","0","0",60
"203","Lille","59550","Salomé","12.6","6.8",22610,"6.4","586.73","10.9","59.3","0","0",60
"204","Lille","59553","Santes","13.1","2.9",26460,"7.4","744.74","9.3","25.8","0","0",60
"205","Lille","59560","Seclin","13","5.1",22460,"8","737.59","10","127.3","0","0",60
"206","Lille","59566","Sequedin","13.1","5.5",25180,"10.7","1221.03","14.7","25.6","0","0",60
"207","Lille","59585","Templemars","12.9","4.6",26250,"7.3","790.22","11.5","61","0","0",60
"208","Lille","59598","Toufflers","13","5.1",25270,"7.1","1629.17","7.3","29.2","0","0",60
"209","Lille","59599","Tourcoing","12.4","9",18300,"9.7","6513.88","12.8","210.7","0","0",60
"210","Lille","59602","Tressin","13.5","3.5",29900,"7.6","734.21","8.6","17.5","0","0",60
"211","Lille","59609","Vendeville","13.5","5",29430,"6.7","594.62","9.9","38","0","0",60
"212","Lille","59611","Verlinghem","13.6","3.6",30870,"7.3","264.65","9.2","20.5","0","0",60
"213","Lille","59636","Wambrechies","13.8","5.1",26900,"6.2","696.65","9.2","42.8","0","0",60
"214","Lille","59643","Warneton","12.2","3.9",23690,"3.8","55.71","4.2","0","0","0",60
"215","Lille","59646","Wasquehal","14.3","5.5",25910,"7.9","3019.71","12.7","59.9","0","0",60
"216","Lille","59648","Wattignies","13.3","4.9",21990,"10.1","2465.24","11.7","130.7","0","0",60
"217","Lille","59650","Wattrelos","12.8","3.3",19450,"8.4","3047.46","8.2","155.7","0","0",60
"218","Lille","59653","Wavrin","12.2","4.8",23980,"7.3","571.54","8.2","55.7","0","0",60
"219","Lille","59656","Wervicq-Sud","13.3","3.3",23810,"7.6","1039.02","10","45.4","0","0",60
"220","Lille","59658","Wicres","12.3","6.4",27320,"5.7","194.29","9.1","0","0","0",60
"221","Lille","59660","Willems","13","5",25680,"7.8","516.55","8.7","46.5","0","0",60
"222","Lille","59670","Don","12.1","5.8",24970,"7.6","613.91","11.1","11.2","0","0",60
"223","Lille","59332","Lannoy","12.9","7.8",19710,"9.1","9000","15.4","121.1","0","0",60
"224","Lille","59356","Lompret","13.8","5.5",34540,"6.6","703.87","6.7","7.6","0","0",60
"225","Lyon","69003","Albigny-sur-Saône","14","7.9",27080,"6.6","1150.38","12.8","73.9","0","0",115
"226","Lyon","69033","Cailloux-sur-Fontaines","13.9","4.8",34010,"5.8","337.59","9.4","13.3","0","0",115
"227","Lyon","69040","Champagne-au-Mont-d'Or","14.9","7.3",27100,"7.2","2283.08","14.1","62.7","0","0",115
"228","Lyon","69029","Bron","14.7","5.9",21950,"12","4179.51","12.7","104.8","0","0",115
"229","Lyon","69046","Charly","14","3.8",33860,"6.4","903.14","10.4","22.1","0","0",115
"230","Lyon","69063","Collonges-au-Mont-d'Or","13.9","7.9",35240,"5.9","1188.68","11.4","55.3","0","0",115
"231","Lyon","69068","Couzon-au-Mont-d'Or","12.7","10.2",28290,"6.4","790.97","11","50.1","0","0",115
"232","Lyon","69044","Charbonnières-les-Bains","13.8","9.6",36390,"6.6","1295.37","14.4","30.5","0","0",115
"233","Lyon","69071","Curis-au-Mont-d'Or","13.6","4.2",33160,"6.4","393","10.2","26.4","0","0",115
"234","Lyon","69072","Dardilly","15.7","7.3",32510,"8.3","630.57","11.7","43.5","0","0",115
"235","Lyon","69081","Écully","15","8.3",29600,"13.5","2185.83","13.3","52.5","0","0",115
"236","Lyon","69085","Fleurieu-sur-Saône","13.5","4.7",31110,"7.7","517.59","11.6","15","0","0",115
"237","Lyon","69087","Fontaines-Saint-Martin","13.7","6.5",34190,"6.2","1127.04","5.6","58.8","0","0",115
"238","Lyon","69088","Fontaines-sur-Saône","12.1","5.9",25230,"6.5","3063.91","11.3","71.2","0","0",115
"239","Lyon","69034","Caluire-et-Cuire","14.6","7.2",27370,"7.1","4189.62","12.3","66.3","0","0",115
"240","Lyon","69091","Givors","11","8.3",18160,"7.8","1193.87","10.6","206.7","0","0",115
"241","Lyon","69096","Grigny","11.8","5.7",21900,"8.3","1698.45","10.5","81.5","0","0",115
"242","Lyon","69100","Irigny","13.3","5.5",25740,"7","1007.61","9.2","71","0","0",115
"243","Lyon","69116","Limonest","15.6","11",34510,"8.6","456.9","16.5","29.7","0","0",115
"244","Lyon","69117","Lissieu","13.6","5.1",33180,"6.6","559.3","11.7","25.7","0","0",115
"245","Lyon","69069","Craponne","13.9","5.6",27380,"6.9","2587.61","10.7","42.4","0","0",115
"246","Lyon","69127","Marcy-l'Étoile","12.8","4.6",29680,"9.1","674.81","12.1","25.9","0","0",115
"247","Lyon","69142","La Mulatière","13.5","11.9",22750,"7.9","3663.89","11.2","105.2","0","0",115
"248","Lyon","69143","Neuville-sur-Saône","14","9.3",23150,"7.4","1403.82","16.4","88","0","0",115
"249","Lyon","69149","Oullins-Pierre-Bénite","N/A - résultat non disponible","7.2",23260,"10.3","4227.87","13.4","44.4","0","0",115
"250","Lyon","69153","Poleymieux-au-Mont-d'Or","16.4","5",35970,"15.3","226.29","8.2","5","0","0",115
"251","Lyon","69163","Quincieux","12.3","5.5",26670,"6.5","200.51","8.8","34.1","0","0",115
"252","Lyon","69168","Rochetaillée-sur-Saône","12.4","7.2",29240,"6","1186.92","10.6","76.4","0","0",115
"253","Lyon","69191","Saint-Cyr-au-Mont-d'Or","17.2","9.9",40340,"5.9","808.22","12.2","54.5","0","0",115
"254","Lyon","69194","Saint-Didier-au-Mont-d'Or","17.2","4.3",42270,"6","875.3","8.8","27.3","0","0",115
"255","Lyon","69199","Saint-Fons","13.2","6",16880,"9","3173.77","9.9","208.3","0","0",115
"256","Lyon","69202","Sainte-Foy-lès-Lyon","15.1","5.4",28780,"6.6","3214.41","9.5","56.5","0","0",115
"257","Lyon","69204","Saint-Genis-Laval","13.9","4.4",26810,"8.2","1622.4","10.6","78.3","0","0",115
"258","Lyon","69205","Saint-Genis-les-Ollières","13","4.4",30290,"6.6","1432.43","8.2","37.9","0","0",115
"259","Lyon","69207","Saint-Germain-au-Mont-d'Or","12.6","4.3",27110,"6.4","551.48","9.8","57.8","0","0",115
"260","Lyon","69233","Saint-Romain-au-Mont-d'Or","13.6","5.2",35130,"7.2","476.15","9.1","26.2","0","0",115
"261","Lyon","69244","Tassin-la-Demi-Lune","15","4.9",29010,"8.2","2907.18","13.5","55.5","0","0",115
"262","Lyon","69250","La Tour-de-Salvagny","14.2","7.4",33530,"5.9","508.57","11.5","22.7","0","0",115
"263","Lyon","69256","Vaulx-en-Velin","14","7.2",17180,"10.4","2482.81","10.9","225.7","0","0",115
"264","Lyon","69259","Vénissieux","13.6","8",17140,"9.9","4337.45","11","233.1","0","0",115
"265","Lyon","69260","Vernaison","13.3","5.6",27760,"6.6","1285","9.5","100.2","0","0",115
"266","Lyon","69266","Villeurbanne","14.5","8.1",21540,"16.8","10822.62","20.9","126.1","0","0",115
"267","Lyon","69271","Chassieu","15","3.1",28750,"8.3","956.21","8.6","55.5","0","0",115
"268","Lyon","69273","Corbas","13.7","3.9",25250,"8.7","918.66","8","48.3","0","0",115
"269","Lyon","69275","Décines-Charpieu","14","5.4",22050,"8.6","1748.88","12.6","120.9","0","0",115
"270","Lyon","69276","Feyzin","12.7","6.4",22210,"8.3","1026.04","12.5","159.6","0","0",115
"271","Lyon","69278","Genay","13.1","5",26920,"6.6","649.41","10.5","54.7","0","0",115
"272","Lyon","69279","Jonage","13.4","2.8",28030,"7.9","509.09","9.5","24.4","0","0",115
"273","Lyon","69282","Meyzieu","13.9","4.3",23860,"8","1560.09","10.9","77.4","0","0",115
"274","Lyon","69283","Mions","14.6","2.8",26070,"7.2","1181.64","8","61.6","0","0",115
"275","Lyon","69284","Montanay","14.2","3.9",33600,"6.8","451.25","9.2","9.6","0","0",115
"276","Lyon","69286","Rillieux-la-Pape","13.8","6.9",19980,"8.3","2154.97","8.4","164.6","0","0",115
"277","Lyon","69290","Saint-Priest","13.9","7.6",21420,"8.5","1643.84","11.1","115.6","0","0",115
"278","Lyon","69292","Sathonay-Camp","14.2","5.9",24460,"8.5","3429","19.9","59.7","0","0",115
"279","Lyon","69293","Sathonay-Village","13.7","3.5",33220,"7","465.96","8.9","13.3","0","0",115
"280","Lyon","69296","Solaize","14.7","5.6",29430,"6","380.49","7.9","18.7","0","0",115
"281","Lyon","69089","Francheville","13.9","5.2",28120,"7.6","1854.15","10.1","59.6","0","0",115
"282","Lyon","69123","Lyon","15.6","8.6",25430,"16.1","10902.92","20","0","1","0",115
"283","Marseille","13001","Aix-en-Provence","17.6","8.9",25810,"15.7","792.47","20.7","60","0","0",185
"284","Marseille","13002","Allauch","15.7","6.5",27620,"6.2","427.24","9.3","38.4","0","0",185
"285","Marseille","13003","Alleins","12.2","5.6",26040,"5.1","164.52","10.7","14.5","0","0",185
"286","Marseille","13005","Aubagne","14.7","7.1",22550,"7.7","862.33","11.4","96.9","0","0",185
"287","Marseille","13007","Auriol","14.3","6.5",26260,"7.2","287.87","12.1","40.1","0","0",185
"288","Marseille","13008","Aurons","14.2","4.4",30160,"4.1","44.06","8.8","15.3","0","0",185
"289","Marseille","13009","La Barben","15.6","5.3",30140,"6.4","37.12","11.2","25.6","0","0",185
"290","Marseille","13012","Beaurecueil","18.1","3.2",37890,"4.8","61.31","11","16.2","0","0",185
"291","Marseille","13013","Belcodène","15.1","5.5",29980,"5","149.85","9.6","16.6","0","0",185
"292","Marseille","13014","Berre-l'Étang","14","6",20370,"7.8","319.08","10.7","97.9","0","0",185
"293","Marseille","13015","Bouc-Bel-Air","17.4","4.3",30840,"5.6","699.45","9.9","31.3","0","0",185
"294","Marseille","13016","La Bouilladisse","14.7","6.7",27220,"6.1","503.25","7.6","37.4","0","0",185
"295","Marseille","13019","Cabriès","17.5","4.5",32780,"6.4","275.89","9.2","26.1","0","0",185
"296","Marseille","13020","Cadolive","15","7.4",26530,"5.4","524.29","9.1","14.5","0","0",185
"297","Marseille","13021","Carry-le-Rouet","18.8","10.8",32780,"4.2","565.15","9.5","37.1","0","0",185
"298","Marseille","13022","Cassis","17.9","6.5",28740,"4.6","249.81","9.9","38.9","0","0",185
"299","Marseille","13023","Ceyreste","15.6","7.6",28010,"5.2","212.96","10.1","33.4","0","0",185
"300","Marseille","13024","Charleval","12.8","7.6",23340,"5.5","182.5","12","52.4","0","0",185
"301","Marseille","13025","Châteauneuf-le-Rouge","16.9","6",31590,"5.4","178.56","8.2","14","0","0",185
"302","Marseille","13026","Châteauneuf-les-Martigues","15.4","3.8",23570,"6.3","566.74","11.1","99.9","0","0",185
"303","Marseille","13028","La Ciotat","16.6","3.5",23580,"6.2","1174.19","10.5","90","0","0",185
"304","Marseille","13029","Cornillon-Confoux","12.6","5.6",29130,"4.2","105.44","7","26.5","0","0",185
"305","Marseille","13030","Cuges-les-Pins","12.6","5.5",25090,"7","145.93","13.5","59.3","0","0",185
"306","Marseille","13031","La Destrousse","15.7","3.8",26120,"5.8","1349.31","10.9","39.8","0","0",185
"307","Marseille","13032","Éguilles","15.7","5.2",32090,"5.1","241.06","11.1","32.6","0","0",185
"308","Marseille","13033","Ensuès-la-Redonne","17.3","4.8",29210,"5.1","223.57","9.1","36","0","0",185
"309","Marseille","13035","Eyguières","13.2","6.2",25680,"5.3","100.1","11.6","51.9","0","0",185
"310","Marseille","13037","La Fare-les-Oliviers","15","5.2",26620,"6","633.36","14.4","32.8","0","0",185
"311","Marseille","13039","Fos-sur-Mer","14.5","4.7",23680,"7.5","167.59","8.6","75.5","0","0",185
"312","Marseille","13040","Fuveau","15.5","5.8",28140,"5.5","337.17","10.7","32.3","0","0",185
"313","Marseille","13041","Gardanne","15.2","5.6",22780,"8.4","784.22","14.5","90","0","0",185
"314","Marseille","13042","Gémenos","16.5","6.9",28710,"5.4","207.13","10.7","35.1","0","0",185
"315","Marseille","13043","Gignac-la-Nerthe","15.9","3.8",24490,"6.5","1172.44","16.7","78.7","0","0",185
"316","Marseille","13044","Grans","13.6","6.3",26790,"5.5","191.09","11.3","38.9","0","0",185
"317","Marseille","13046","Gréasque","16","5.1",26900,"5.4","708.39","11.1","35.9","0","0",185
"318","Marseille","13047","Istres","14.1","3.9",22710,"7.6","392.06","11.8","97.5","0","0",185
"319","Marseille","13048","Jouques","13.1","7.7",25220,"5.6","54.84","10.5","49.5","0","0",185
"320","Marseille","13049","Lamanon","13.8","9.1",26340,"4.6","106.56","10.7","29.4","0","0",185
"321","Marseille","13050","Lambesc","13.8","5.2",26100,"5.5","153","15.4","43.1","0","0",185
"322","Marseille","13051","Lançon-Provence","13.5","4.6",26720,"6","135.56","11.1","52.5","0","0",185
"323","Marseille","13053","Mallemort","13.4","6.7",24230,"6.4","218.87","13.7","59.6","0","0",185
"324","Marseille","13054","Marignane","14.6","7.1",21690,"7.2","1422.54","9.5","123.1","0","0",185
"325","Marseille","13055","Marseille","14.9","8",20600,"9.6","3628.74","13.4","0","1","0",185
"326","Marseille","13056","Martigues","14.8","6.5",22570,"6.8","680.22","11.4","143.4","0","0",185
"327","Marseille","13059","Meyrargues","14.2","7.7",25340,"6.7","91.85","12.3","53.9","0","0",185
"328","Marseille","13060","Meyreuil","17.2","4.1",27130,"6.9","295.27","11.1","28.1","0","0",185
"329","Marseille","13062","Mimet","15.4","3.5",29340,"4.9","223.9","6.7","20.1","0","0",185
"330","Marseille","13063","Miramas","13.3","6",19810,"7","1027.43","10.6","127.4","0","0",185
"331","Marseille","13069","Pélissanne","14.1","5.7",27170,"5.6","552.57","10.2","34.5","0","0",185
"332","Marseille","13070","La Penne-sur-Huveaune","15.1","4.4",24300,"7.2","1824.72","12.1","74.4","0","0",185
"333","Marseille","13071","Les Pennes-Mirabeau","16.1","6.2",26320,"6.7","657.6","9.9","47.7","0","0",185
"334","Marseille","13072","Peynier","14.6","8.9",29250,"5.8","147.18","11.1","20.1","0","0",185
"335","Marseille","13073","Peypin","15","4",27300,"5","422.03","7.8","27.2","0","0",185
"336","Marseille","13074","Peyrolles-en-Provence","13.6","7.1",23830,"6.8","149.66","10.4","54.6","0","0",185
"337","Marseille","13075","Plan-de-Cuques","16.8","3.9",26120,"6.6","1340.71","8","43.8","0","0",185
"338","Marseille","13077","Port-de-Bouc","13.5","10.8",20030,"6.9","1403.13","10","385.9","0","0",185
"339","Marseille","13078","Port-Saint-Louis-du-Rhône","12.4","9.7",20700,"6.8","115.07","10.2","125.8","0","0",185
"340","Marseille","13079","Puyloubier","12.5","7.3",28700,"7","43.59","10.9","40.6","0","0",185
"341","Marseille","13080","Le Puy-Sainte-Réparade","14.5","8.9",26760,"5.5","125.92","13.8","63.1","0","0",185
"342","Marseille","13081","Rognac","14.6","4.1",24630,"6.4","695.71","7.8","42.9","0","0",185
"343","Marseille","13082","Rognes","14.2","10.2",28820,"4.8","78.66","8.6","35.1","0","0",185
"344","Marseille","13084","La Roque-d'Anthéron","13.6","8.2",22940,"6.4","210.86","10.6","82.8","0","0",185
"345","Marseille","13085","Roquefort-la-Bédoule","16.1","6.3",27130,"4.7","188.46","9.9","42.9","0","0",185
"346","Marseille","13086","Roquevaire","14.5","10",26260,"6.2","364.41","10.2","54.1","0","0",185
"347","Marseille","13087","Rousset","15.4","6.9",25650,"7","267.13","11.7","44.5","0","0",185
"348","Marseille","13088","Le Rove","16.7","5.1",25810,"5.2","225.83","8","60.4","0","0",185
"349","Marseille","13090","Saint-Antonin-sur-Bayon","18.1","13.1",34270,"3.2","7.1","12.5","0","0","0",185
"350","Marseille","13091","Saint-Cannat","15","7.7",28080,"5.3","154.88","11.3","35.6","0","0",185
"351","Marseille","13092","Saint-Chamas","13.2","5.3",24610,"5.9","323.71","13.8","47.9","0","0",185
"352","Marseille","13093","Saint-Estève-Janson","15","5.6",28260,"4.6","42.76","8.4","20","0","0",185
"353","Marseille","13095","Saint-Marc-Jaumegarde","18.1","8.9",37290,"3.9","55.18","9.1","22.3","0","0",185
"354","Marseille","13098","Saint-Mitre-les-Remparts","13.9","8.2",26910,"5.2","276.95","8.2","55.7","0","0",185
"355","Marseille","13099","Saint-Paul-lès-Durance","15.5","6.2",23350,"7","19.37","12.6","61","0","0",185
"356","Marseille","13101","Saint-Savournin","15.2","6.9",27300,"5.7","593.39","11.2","18.1","0","0",185
"357","Marseille","13102","Saint-Victoret","15.9","5.3",22680,"7.3","1414.47","6.1","71.9","0","0",185
"358","Marseille","13103","Salon-de-Provence","13.5","10.7",22400,"7.9","636.29","13.8","90.7","0","0",185
"359","Marseille","13104","Sausset-les-Pins","19.1","4.1",28750,"4.3","625.04","8.1","30.1","0","0",185
"360","Marseille","13105","Sénas","12.6","6.9",22230,"5.7","223.46","11.1","85.9","0","0",185
"361","Marseille","13106","Septèmes-les-Vallons","15.2","5.5",22740,"7","659.21","8.4","108.2","0","0",185
"362","Marseille","13107","Simiane-Collongue","15.4","5",28770,"6.1","196.28","11.7","27.2","0","0",185
"363","Marseille","13109","Le Tholonet","18.6","6.6",32930,"6","218.06","13.1","24","0","0",185
"364","Marseille","13110","Trets","13.3","7.1",25260,"6.6","151.89","13.6","54","0","0",185
"365","Marseille","13111","Vauvenargues","15.5","7",28040,"5.2","19.17","8.9","8.4","0","0",185
"366","Marseille","13112","Velaux","15.2","4.4",28760,"6","345.75","9.1","29.8","0","0",185
"367","Marseille","13113","Venelles","17.3","5.3",29240,"5.5","411.02","9.5","25.8","0","0",185
"368","Marseille","13114","Ventabren","17.5","10.7",33710,"4.6","208.52","8.6","15.5","0","0",185
"369","Marseille","13115","Vernègues","13.1","4.7",25530,"6.2","133.52","13.9","28.7","0","0",185
"370","Marseille","13117","Vitrolles","16.1","6.5",22090,"7.4","970.82","9.2","124.6","0","0",185
"371","Marseille","13118","Coudoux","16.1","4.5",29730,"5.7","293.39","8.3","19.7","0","0",185
"372","Marseille","13119","Carnoux-en-Provence","16.2","2.6",26380,"6.1","1927.71","13.6","38.9","0","0",185
"373","Marseille","84089","Pertuis","13.6","8.7",23120,"7.3","302.3","14.4","102.5","0","0",185
"374","Marseille","83120","Saint-Zacharie","13.4","6.4",25990,"5.4","219.67","13.2","48.5","0","0",185
"375","Metz","57017","Amanvillers","10.5","3.8",25870,"6.4","216.43","8.2","32.9","0","0",85
"376","Metz","57031","Ars-Laquenexy","11.2","2.4",30860,"8.5","150.65","8.1","8.1","0","0",85
"377","Metz","57049","Le Ban-Saint-Martin","12","8.1",23500,"8.8","2885.62","16.3","54.8","0","0",85
"378","Metz","57134","Châtel-Saint-Germain","12.2","5.6",27390,"7.6","146.67","17.2","16.5","0","0",85
"379","Metz","57032","Ars-sur-Moselle","11.3","7.7",21290,"8.1","400.95","12.8","92.8","0","0",85
"380","Metz","57142","Chieulles","12.3","5",33320,"5.3","161.15","4.2","18.4","0","0",85
"381","Metz","57146","Coin-lès-Cuvry","12","4.7",29150,"6.9","121.04","4.6","29.4","0","0",85
"382","Metz","57147","Coin-sur-Seille","9.4","2.8",29650,"5.7","100.91","9","0","0","0",85
"383","Metz","57140","Chesny","11.4","2.7",28610,"5","131.4","6","26.6","0","0",85
"384","Metz","57212","Féy","12","4.1",30250,"5.4","128.95","5.4","11.1","0","0",85
"385","Metz","57256","Gravelotte","10.5","3.4",25100,"6.8","142.11","10.2","35.8","0","0",85
"386","Metz","57351","Jury","11.2","4.2",27620,"8.8","418.12","12.4","10.9","0","0",85
"387","Metz","57352","Jussy","12.2","7.8",35040,"5.1","155.86","9.1","0","0","0",85
"388","Metz","57385","Laquenexy","11.2","3.6",27660,"6","139.34","8.4","18.8","0","0",85
"389","Metz","57039","Augny","12.2","3.1",28100,"6.4","142.4","9.6","36.5","0","0",85
"390","Metz","57412","Longeville-lès-Metz","11.6","9.2",25800,"9.5","1466.67","15.4","49.5","0","0",85
"391","Metz","57415","Lorry-lès-Metz","12","3.9",31000,"5.1","283.77","5.7","19.9","0","0",85
"392","Metz","57416","Lorry-Mardigny","9.8","5.6",25360,"5.2","58.86","11","11.6","0","0",85
"393","Metz","57445","Marieulles","9.4","5.7",28890,"6.3","85.37","4.9","0","0","0",85
"394","Metz","57447","Marly","13.5","2.6",27920,"6.4","923.24","7.4","35.7","0","0",85
"395","Metz","57452","La Maxe","12.3","6",28690,"6.4","137.76","12.6","22","0","0",85
"396","Metz","57454","Mécleuves","11.2","2.5",29310,"6.3","93.49","5.6","13.2","0","0",85
"397","Metz","57463","Metz","12.6","11.3",20940,"13.9","2884.82","18.8","124.8","1","0",85
"398","Metz","57467","Mey","12.6","4.4",26360,"7.1","162.63","18.3","25.6","0","0",85
"399","Metz","57480","Montigny-lès-Metz","11.5","7.8",21930,"8.3","3261.79","11.5","104.5","0","0",85
"400","Metz","57487","Moulins-lès-Metz","13.1","7.8",24460,"6.6","726.86","10.1","72.1","0","0",85
"401","Metz","57510","Noisseville","11.2","8",28370,"5.7","421.92","12.5","45.9","0","0",85
"402","Metz","57512","Nouilly","11.8","4.6",28670,"5.3","300","8.8","33.1","0","0",85
"403","Metz","57534","Peltre","12.6","6.3",29680,"8.1","216.79","8.9","23.3","0","0",85
"404","Metz","57545","Plappeville","11.6","5.4",31940,"6.3","811.2","7.1","45.2","0","0",85
"405","Metz","57552","Pouilly","9.4","7.6",27220,"5.4","162.16","14.3","20.8","0","0",85
"406","Metz","57553","Pournoy-la-Chétive","9.4","0.4",27920,"5.5","238.08","6.7","56","0","0",85
"407","Metz","57593","Roncourt","11.2","6.4",23780,"4.8","155.07","5.6","31.9","0","0",85
"408","Metz","57601","Rozérieulles","12.2","4.4",28650,"5.4","200.91","6.9","18.2","0","0",85
"409","Metz","57616","Saint-Julien-lès-Metz","12.6","7",28780,"7.1","763.91","10.6","43.6","0","0",85
"410","Metz","57622","Saint-Privat-la-Montagne","11.1","5.5",24440,"7.5","325","8.4","38.1","0","0",85
"411","Metz","57624","Sainte-Ruffine","12.2","4.1",29700,"5.4","840","7","43.7","0","0",85
"412","Metz","57634","Saulny","11.6","4",31870,"6.5","159.08","7","20","0","0",85
"413","Metz","57642","Scy-Chazelles","12.6","8.3",28380,"6.1","591.56","10","38.5","0","0",85
"414","Metz","57693","Vantoux","12.7","3.4",30980,"5.8","325.2","9.6","11.9","0","0",85
"415","Metz","57694","Vany","11.8","4.4",31890,"4.9","150","7.2","17.4","0","0",85
"416","Metz","57701","Vaux","12.2","5.2",32590,"5.7","122.73","6.9","30.5","0","0",85
"417","Metz","57707","Vernéville","10.5","3.9",24960,"4.6","73.15","6","11.7","0","0",85
"418","Metz","57751","Woippy","12.2","8.3",17410,"7.2","979.59","9.5","199.7","0","0",85
"419","Metz","57162","Cuvry","9.4","4.2",29170,"6.3","182.78","10.6","8.6","0","0",85
"420","Metz","57396","Lessy","11.6","8.6",31470,"5.7","265.86","7","11.2","0","0",85
"421","Montpellier","34027","Beaulieu","12.2","5.5",27020,"5.8","287.4","22.3","17.9","0","0",205
"422","Montpellier","34058","Castries","13.8","4.7",26010,"6.5","271.79","16.2","41.9","0","0",205
"423","Montpellier","34022","Baillargues","13.6","5.4",25640,"7.6","1004.55","15.5","41.1","0","0",205
"424","Montpellier","34087","Cournonsec","13.5","4.4",24160,"5.5","293.39","8.4","55.2","0","0",205
"425","Montpellier","34057","Castelnau-le-Lez","15.3","5.3",25160,"10.5","2222.14","18.2","55.7","0","0",205
"426","Montpellier","34090","Le Crès","15","4.8",25900,"6.1","1602.59","10.3","48.8","0","0",205
"427","Montpellier","34077","Clapiers","15.5","3.3",28000,"7","754.68","13.5","50.4","0","0",205
"428","Montpellier","34116","Grabels","14","6.9",24100,"9","553.89","18.1","71.7","0","0",205
"429","Montpellier","34120","Jacou","15.1","3.7",26300,"6.8","2006.76","13.3","42","0","0",205
"430","Montpellier","34123","Juvignac","14.3","6.4",23130,"9.5","1183.61","14.9","76.4","0","0",205
"431","Montpellier","34095","Fabrègues","13.9","5.6",24410,"6.3","228.48","11.5","51.3","0","0",205
"432","Montpellier","34134","Lavérune","13.9","4",25360,"7","460","11.5","60.7","0","0",205
"433","Montpellier","34164","Montaud","11.9","6.4",26620,"6.3","80.08","7.5","31.4","0","0",205
"434","Montpellier","34169","Montferrier-sur-Lez","15.3","5.2",33630,"6.1","526.49","13.4","21.7","0","0",205
"435","Montpellier","34172","Montpellier","14.4","7.3",19670,"19","5315.54","22.6","121.4","1","0",205
"436","Montpellier","34179","Murviel-lès-Montpellier","13.7","4.4",25830,"6.4","191.09","14","28.3","0","0",205
"437","Montpellier","34198","Pérols","15.1","6.3",26950,"7.9","1593.5","14.2","52.5","0","0",205
"438","Montpellier","34088","Cournonterral","11.8","10.4",22850,"7.4","232.66","19.3","100.1","0","0",205
"439","Montpellier","34217","Prades-le-Lez","14.1","4.6",26410,"6.5","686.18","12.4","33.9","0","0",205
"440","Montpellier","34227","Restinclières","12.9","3.6",26280,"5.8","354.15","19.1","23.4","0","0",205
"441","Montpellier","34244","Saint-Brès","13.6","5.5",24650,"7.3","689.39","10.9","60.5","0","0",205
"442","Montpellier","34249","Saint-Drézéry","12.9","4.9",27330,"6.8","274.48","15","24.7","0","0",205
"443","Montpellier","34256","Saint-Geniès-des-Mourgues","13.3","8.4",27690,"4.9","182.19","9.1","11.7","0","0",205
"444","Montpellier","34129","Lattes","15.7","3.8",26460,"6","631.08","13","42.8","0","0",205
"445","Montpellier","34270","Saint-Jean-de-Védas","15.1","4.7",25510,"7.9","974.42","15.4","56.8","0","0",205
"446","Montpellier","34295","Saussan","13.9","1.9",26260,"5.7","495.28","14.1","31.8","0","0",205
"447","Montpellier","34307","Sussargues","13.5","3.9",28460,"5.1","434.46","13.4","26.1","0","0",205
"448","Montpellier","34327","Vendargues","14.7","6",25340,"7.2","782.67","12.5","43.4","0","0",205
"449","Montpellier","34337","Villeneuve-lès-Maguelone","13.8","4.4",24010,"8.9","458.37","9.4","62.6","0","0",205
"450","Montpellier","34202","Pignan","14","6.7",24090,"6.5","404.98","10.1","76.1","0","0",205
"451","Montpellier","34259","Saint-Georges-d'Orques","13.6","9.9",25520,"6.7","602.15","12.1","61.5","0","0",205
"452","Nancy","54165","Dommartemont","11.1","4.2",39430,"4.7","438.46","6.2","16.9","0","0",90
"453","Nancy","54197","Fléville-devant-Nancy","11.8","2.7",28000,"5.4","297.57","4.9","20.7","0","0",90
"454","Nancy","54025","Art-sur-Meurthe","13.1","11.2",26470,"11.3","144.35","10.6","35.4","0","0",90
"455","Nancy","54265","Houdemont","11.8","3.6",28880,"7.5","576.67","5.9","28.3","0","0",90
"456","Nancy","54184","Essey-lès-Nancy","11.8","6.9",22890,"8.4","1514.14","15.2","116.6","0","0",90
"457","Nancy","54300","Laneuveville-devant-Nancy","11.1","8.2",23200,"8.2","524.08","10.9","115","0","0",90
"458","Nancy","54304","Laxou","11.4","8.2",23780,"12.3","922.7","13.9","137.1","0","0",90
"459","Nancy","54328","Ludres","11.6","3.4",27240,"6.3","741.59","8.3","24.5","0","0",90
"460","Nancy","54274","Jarville-la-Malgrange","11.2","9",19320,"10.4","3905.83","14.2","217.9","0","0",90
"461","Nancy","54357","Maxéville","11.1","11.1",17530,"11.4","1771.61","17.5","224.7","0","0",90
"462","Nancy","54395","Nancy","11.7","11.7",22360,"24.1","6950.67","25.5","129.1","1","0",90
"463","Nancy","54439","Pulnoy","11.9","3.6",24590,"5.6","1390.27","10","52.7","0","0",90
"464","Nancy","54482","Saint-Max","11.8","7.1",22560,"8.5","5301.58","14.1","114.8","0","0",90
"465","Nancy","54495","Saulxures-lès-Nancy","9.9","4.2",25490,"5.6","612.14","8.1","66.5","0","0",90
"466","Nancy","54498","Seichamps","9.9","3.8",24570,"6.3","1195.58","7.2","52.3","0","0",90
"467","Nancy","54257","Heillecourt","12.3","2.5",27340,"6.7","1493.61","6.8","34.9","0","0",90
"468","Nancy","54547","Vandœuvre-lès-Nancy","11.6","8.8",18680,"23.2","3109.16","21.9","140.3","0","0",90
"469","Nancy","54578","Villers-lès-Nancy","12","7.4",26760,"12","1491.01","11.3","56.5","0","0",90
"470","Nancy","54526","Tomblaine","12.1","5.8",21630,"8.1","1610.54","11.9","94.6","0","0",90
"471","Nancy","54339","Malzéville","10.7","7",23270,"7.6","1056.93","9.8","100.7","0","0",90
"472","Nantes","44009","Basse-Goulaine","12.8","3.1",29050,"7.3","697.45","8.3","26.4","0","0",123
"473","Nantes","44020","Bouguenais","12.8","3.1",23740,"7","647.94","10.6","168.1","0","0",123
"474","Nantes","44024","Brains","11.5","4.1",26040,"6.2","183.73","6.6","10.9","0","0",123
"475","Nantes","44026","Carquefou","13.2","4.8",27830,"12","472.58","13.4","29.1","0","0",123
"476","Nantes","44047","Couëron","12.5","3.6",24290,"7.7","524.02","10.8","53.9","0","0",123
"477","Nantes","44074","Indre","12.2","5",24380,"6.8","878.72","12.6","70.2","0","0",123
"478","Nantes","44094","Mauves-sur-Loire","11.7","5.1",25880,"6.5","223.78","10.6","16.8","0","0",123
"479","Nantes","44035","La Chapelle-sur-Erdre","13.2","2.7",28210,"6.9","608.71","11.5","43.5","0","0",123
"480","Nantes","44109","Nantes","14","6.2",24170,"15.6","4957.12","22.1","100.7","1","0",123
"481","Nantes","44114","Orvault","12.2","4.5",27140,"8.1","1006.21","11.7","71.3","0","0",123
"482","Nantes","44120","Le Pellerin","12.2","8.1",23370,"6.7","175.1","13.9","36.2","0","0",123
"483","Nantes","44143","Rezé","12.8","5.6",23550,"8.7","3115.8","14.3","119.3","0","0",123
"484","Nantes","44150","Saint-Aignan-Grandlieu","11.9","3.8",25410,"5.9","222.68","6","24.6","0","0",123
"485","Nantes","44162","Saint-Herblain","13.1","5.4",23000,"8.9","1651.23","13.9","115.8","0","0",123
"486","Nantes","44166","Saint-Jean-de-Boiseau","12.2","4.4",24230,"5.8","524.74","13.2","42.6","0","0",123
"487","Nantes","44171","Saint-Léger-les-Vignes","11.9","4.4",25730,"6.2","316.31","9.3","14.9","0","0",123
"488","Nantes","44172","Sainte-Luce-sur-Loire","13.1","2.2",25940,"7.7","1362.02","12.1","56.6","0","0",123
"489","Nantes","44190","Saint-Sébastien-sur-Loire","13","3.9",25500,"8.1","2417.35","13.7","52.8","0","0",123
"490","Nantes","44194","Sautron","13","4.9",29660,"5.5","492.02","10.8","43.2","0","0",123
"491","Nantes","44198","Les Sorinières","12.9","3.9",25570,"7.9","694.69","13.4","53.9","0","0",123
"492","Nantes","44101","La Montagne","12.1","4.1",24140,"5.6","1802.22","10.4","44.8","0","0",123
"493","Nantes","44215","Vertou","13","4",27590,"7.2","728.35","11.4","33.6","0","0",123
"494","Nantes","44018","Bouaye","12.5","3.2",25390,"6.2","590.14","12.6","31.6","0","0",123
"495","Nantes","44204","Thouaré-sur-Loire","12.4","1.8",26560,"7.6","842.42","12.7","34.2","0","0",123
"496","Nice","06006","Aspremont","18.3","11.3",29450,"5.8","244.68","10.3","10.6","0","0",345
"497","Nice","06009","Bairols","13.4","3.4",NA,"2.4","8.16","13","0","0","0",345
"498","Nice","06011","Beaulieu-sur-Mer","24.5","7.1",23880,"4.7","4217.78","11.2","25.3","0","0",345
"499","Nice","06013","Belvédère","10.6","6.2",21380,"3.8","8.32","10.3","72.4","0","0",345
"500","Nice","06020","La Bollène-Vésubie","10.3","4.9",21550,"5.4","17.58","14.9","38.4","0","0",345
"501","Nice","06021","Bonson","13.4","7.8",24020,"8","106.87","11","21.2","0","0",345
"502","Nice","06025","Le Broc","11.7","10.9",25230,"6.5","76.45","10.4","27","0","0",345
"503","Nice","06027","Cagnes-sur-Mer","18.3","4.9",23940,"6.6","2921.11","13","46","0","0",345
"504","Nice","06032","Cap-d'Ail","27.8","7.7",26680,"6.1","2254","9.3","35","0","0",345
"505","Nice","06033","Carros","16.8","5.4",23480,"7.6","879.27","10.6","45.6","0","0",345
"506","Nice","06034","Castagniers","16","7.7",26050,"5.7","224.93","9.8","24.4","0","0",345
"507","Nice","06039","Châteauneuf-Villevieille","16","8.6",25730,"6.3","115.6","10.2","16.3","0","0",345
"508","Nice","06042","Clans","10.3","14.3",21960,"5.2","17.8","8.8","49.3","0","0",345
"509","Nice","06046","Colomars","18.8","5.3",28750,"6.5","520.45","7.2","11.9","0","0",345
"510","Nice","06054","Drap","16.1","9.5",21790,"6.5","952.36","19.8","72.9","0","0",345
"511","Nice","06055","Duranus","13.5","10.6",20110,"5.1","9.75","2.9","0","0","0",345
"512","Nice","06059","Èze","25.2","7.3",29970,"5.5","230.42","7.4","26.6","0","0",345
"513","Nice","06060","Falicon","18.3","4.3",32330,"4.9","405.96","7.3","8.3","0","0",345
"514","Nice","06064","Gattières","15.4","4.4",27110,"6.6","428.7","8","17.8","0","0",345
"515","Nice","06065","La Gaude","15.8","5.2",29390,"5.8","544.5","8.5","17.7","0","0",345
"516","Nice","06066","Gilette","13.4","8",24760,"8.6","157.65","9.4","9.7","0","0",345
"517","Nice","06072","Ilonse","10.3","3",NA,"2.8","3.5","4.4","0","0","0",345
"518","Nice","06073","Isola","10.6","1.7",21710,"3.2","6.66","12.6","24.6","0","0",345
"519","Nice","06074","Lantosque","10.3","19.3",21410,"6.3","26.79","9.4","69.6","0","0",345
"520","Nice","06075","Levens","14","7.2",25260,"6.2","172.74","10.6","26.8","0","0",345
"521","Nice","06080","Marie","13.4","6.6",NA,"2.9","7.09","5.1","0","0","0",345
"522","Nice","06088","Nice","18.1","13.7",21570,"9.3","4841.24","13.9","82.5","1","0",345
"523","Nice","06102","Rimplas","10.3","10.1",NA,"3","5.32","9.2","134.6","0","0",345
"524","Nice","06103","Roquebillière","10.6","8.2",21340,"5.4","70.08","10.7","32.4","0","0",345
"525","Nice","06109","La Roquette-sur-Var","13.4","11.6",23460,"6.3","236.25","7.2","25.9","0","0",345
"526","Nice","06110","Roubion","10.6","4.7",17360,"4.3","4.25","13.2","0","0","0",345
"527","Nice","06111","Roure","10.3","1.6",NA,"2.7","2.8","9.9","0","0","0",345
"528","Nice","06114","Saint-André-de-la-Roche","18.3","5.3",22450,"7.6","1993.79","13.9","32.9","0","0",345
"529","Nice","06117","Saint-Blaise","16","3.8",26960,"5.9","170.88","13.4","0","0","0",345
"530","Nice","06119","Saint-Dalmas-le-Selvage","10.3","5",NA,"4.8","1.28","5.2","0","0","0",345
"531","Nice","06120","Saint-Étienne-de-Tinée","10.6","3.3",23970,"3.9","7.72","12.4","0","0","0",345
"532","Nice","06121","Saint-Jean-Cap-Ferrat","24.2","3.5",25340,"5.7","588.4","10","11.5","0","0",345
"533","Nice","06122","Saint-Jeannet","15.2","6.9",27840,"6.2","294.73","12.5","22.9","0","0",345
"534","Nice","06123","Saint-Laurent-du-Var","17.8","9.7",24360,"6.4","3063.47","11.3","41.5","0","0",345
"535","Nice","06126","Saint-Martin-du-Var","15.6","5",24210,"7.8","602.68","13.2","26","0","0",345
"536","Nice","06127","Saint-Martin-Vésubie","10.6","5.2",21270,"4.8","14.26","11.9","41.1","0","0",345
"537","Nice","06129","Saint-Sauveur-sur-Tinée","10.6","11.2",22120,"5","9.32","13.4","0","0","0",345
"538","Nice","06144","La Tour","10.3","9.6",21370,"4.3","14.69","6.2","34.8","0","0",345
"539","Nice","06146","Tournefort","10.3","11.8",24490,"4.7","14.75","3.3","0","0","0",345
"540","Nice","06147","Tourrette-Levens","15.6","11.2",26240,"5.6","288.48","8.7","23.5","0","0",345
"541","Nice","06149","La Trinité","16.2","6.3",22350,"6.5","689.66","6.5","64","0","0",345
"542","Nice","06151","Utelle","10.3","9.9",22120,"4.5","12.41","13.6","29.8","0","0",345
"543","Nice","06153","Valdeblore","10.6","8.7",20870,"4.9","8.86","11.8","58.4","0","0",345
"544","Nice","06156","Venanson","10.3","7",19100,"4.3","10.28","15.5","0","0","0",345
"545","Nice","06157","Vence","16.7","9.2",25120,"5.5","495.28","13.6","40","0","0",345
"546","Nice","06159","Villefranche-sur-Mer","23.1","5.4",26690,"5.1","1018.16","9.6","40.3","0","0",345
"547","Orléans","45043","Bou","11.2","6.6",27720,"5.9","160.48","7.5","22.7","0","0",70
"548","Orléans","45072","Chanteau","11.4","2",26530,"6.4","56.44","5.6","24.9","0","0",70
"549","Orléans","45034","Boigny-sur-Bionne","11.2","2",26860,"5.3","279.2","5","22.5","0","0",70
"550","Orléans","45100","Combleux","12.3","6",33190,"6.4","454.55","6","0","0","0",70
"551","Orléans","45147","Fleury-les-Aubrais","11.7","5.7",21170,"7.3","2122.57","12.1","134.3","0","0",70
"552","Orléans","45075","La Chapelle-Saint-Mesmin","12","7.4",23880,"6.1","1135.33","8.8","63.7","0","0",70
"553","Orléans","45194","Mardié","12.5","6",26450,"5.5","174.05","9.6","29.7","0","0",70
"554","Orléans","45197","Marigny-les-Usages","11.2","5.1",27110,"5.5","187.42","9.3","4.4","0","0",70
"555","Orléans","45232","Olivet","12.2","4.8",27680,"14","976.71","18.3","37.8","0","0",70
"556","Orléans","45169","Ingré","11.9","4.7",24890,"6.7","468.99","11.2","69","0","0",70
"557","Orléans","45235","Ormes","13.3","4.9",25700,"6.5","239.39","8.4","26.4","0","0",70
"558","Orléans","45272","Saint-Cyr-en-Val","12.4","7.1",27790,"6.7","76.74","8.5","43.4","0","0",70
"559","Orléans","45274","Saint-Denis-en-Val","12.1","3.4",27310,"6.2","447.6","8.3","33.4","0","0",70
"560","Orléans","45282","Saint-Hilaire-Saint-Mesmin","11.3","9.1",28370,"5","221.13","10.8","34","0","0",70
"561","Orléans","45284","Saint-Jean-de-Braye","12.1","6",22100,"8.7","1583.94","11.9","105.5","0","0",70
"562","Orléans","45089","Chécy","11.6","4.9",25770,"5.4","568.26","8.6","48.1","0","0",70
"563","Orléans","45286","Saint-Jean-le-Blanc","12.3","4.9",26090,"8","1218.05","12","88.5","0","0",70
"564","Orléans","45298","Saint-Pryvé-Saint-Mesmin","12.2","7.2",25330,"6.2","694.94","11.3","63.4","0","0",70
"565","Orléans","45302","Saran","11.5","4.7",22590,"7.5","850.97","8.9","97.2","0","0",70
"566","Orléans","45308","Semoy","11.4","4.8",26890,"5","411.67","5.2","41.3","0","0",70
"567","Orléans","45234","Orléans","12.3","9.9",21370,"13.9","4240.62","19.9","122.4","1","0",70
"568","Orléans","45285","Saint-Jean-de-la-Ruelle","11.8","9.5",20010,"7.6","2720.33","9.7","138.6","0","0",70
"569","Paris","92073","Suresnes","24.5","6",31810,"7.6","12922.11","13.2","40.7","0","1",0
"570","Paris","92075","Vanves","24.1","7.3",30770,"9.9","17508.75","12.8","31","0","1",0
"571","Paris","92076","Vaucresson","21.5","6.4",41320,"7.9","2763.23","9.7","24.3","0","1",0
"572","Paris","92072","Sèvres","22.8","4.6",33680,"7.3","5799.49","12","42.4","0","1",0
"573","Paris","92078","Villeneuve-la-Garenne","18.4","3.2",18570,"9.2","7928.44","5.2","129.3","0","1",0
"574","Paris","93001","Aubervilliers","18.5","5.8",15330,"9.8","15529.48","14.5","227.8","0","1",0
"575","Paris","93005","Aulnay-sous-Bois","18","4.1",18710,"9.5","5316.98","9.5","175.5","0","1",0
"576","Paris","93006","Bagnolet","20.1","7.4",19060,"9.3","15140.77","13.1","148.1","0","1",0
"577","Paris","93007","Le Blanc-Mesnil","17","4.4",17460,"9.8","7192.22","10.1","177","0","1",0
"578","Paris","93008","Bobigny","17.6","4.8",16330,"10.3","8096.47","10.2","203.6","0","1",0
"579","Paris","93010","Bondy","17.1","7.9",17210,"8.8","9619.09","8.9","227.6","0","1",0
"580","Paris","75056","Paris","29.1","9.5",29730,"11","20238.24","15.6","0","1","1",0
"581","Paris","93014","Clichy-sous-Bois","15.5","5.5",15260,"10.2","7433.75","7.5","264.6","0","1",0
"582","Paris","93015","Coubron","16.6","7.9",27100,"6.8","1234.88","9.3","68.7","0","1",0
"583","Paris","93027","La Courneuve","17.5","4.6",15150,"10.1","6288","10.7","178.3","0","1",0
"584","Paris","93029","Drancy","17.4","6.7",18660,"8.9","9149.1","9.7","210.4","0","1",0
"585","Paris","93030","Dugny","16.7","5.6",17070,"10.5","2904.62","9.3","212.6","0","1",0
"586","Paris","93031","Épinay-sur-Seine","16.5","6.4",17880,"9.5","11628.04","9.8","167.3","0","1",0
"587","Paris","93032","Gagny","16.9","5.1",23090,"8.6","5910.15","9.6","118.9","0","1",0
"588","Paris","93033","Gournay-sur-Marne","17.6","6",29930,"6.8","4048.24","9.3","43.8","0","1",0
"589","Paris","93039","L'Île-Saint-Denis","18","4.2",17740,"10.1","4813.33","7.5","172.2","0","1",0
"590","Paris","93045","Les Lilas","22.8","7.7",25490,"7.7","18053.08","11.7","84.9","0","1",0
"591","Paris","93046","Livry-Gargan","17","6.9",21750,"8","6220","11.5","158.3","0","1",0
"592","Paris","93047","Montfermeil","16.6","3.7",20870,"9.4","5181.48","7.7","193","0","1",0
"593","Paris","93013","Le Bourget","17.6","10.8",17230,"8.9","7062.86","12.8","155.9","0","1",0
"594","Paris","93049","Neuilly-Plaisance","19.1","5.7",26590,"9.1","6298.53","12.8","77.7","0","1",0
"595","Paris","93050","Neuilly-sur-Marne","16.9","3.7",21000,"8.5","5439.28","10.2","123.9","0","1",0
"596","Paris","93051","Noisy-le-Grand","18.1","5",23490,"9","5455.35","11.4","110.3","0","1",0
"597","Paris","93053","Noisy-le-Sec","17.8","5.9",18450,"8.7","9218.8","9.8","162.9","0","1",0
"598","Paris","93055","Pantin","21","4.2",19740,"8.3","12160","13.2","133.3","0","1",0
"599","Paris","93057","Les Pavillons-sous-Bois","16.8","7.5",21890,"8.7","8332.76","13.6","149.2","0","1",0
"600","Paris","93059","Pierrefitte-sur-Seine","17.1","5.7",16080,"10.1","9523.24","11.1","200.8","0","1",0
"601","Paris","93061","Le Pré-Saint-Gervais","21.2","8.2",21600,"8.4","24092.86","13.8","107.9","0","1",0
"602","Paris","93062","Le Raincy","18.3","8.1",28820,"8.3","6762.27","14.1","77.1","0","1",0
"603","Paris","93063","Romainville","18.7","6.1",21110,"7.9","9784.12","9.6","149.7","0","1",0
"604","Paris","93064","Rosny-sous-Bois","18.3","8.7",21820,"8.5","7738.14","12.8","148.4","0","1",0
"605","Paris","93066","Saint-Denis","18.4","6.5",16620,"11","9188.87","12.8","185","0","1",0
"606","Paris","93048","Montreuil","20.6","5.8",21150,"8.6","12523.03","12.2","155","0","1",0
"607","Paris","93071","Sevran","17","4.7",17300,"9.5","7102.05","7.3","185.1","0","1",0
"608","Paris","93072","Stains","17","6.1",16130,"9.8","7473.89","8.3","215.8","0","1",0
"609","Paris","93073","Tremblay-en-France","16.6","4.7",21420,"9.1","1663.88","9.8","113.6","0","1",0
"610","Paris","93074","Vaujours","16.2","8.1",23430,"8.5","1967.89","11.2","120.9","0","1",0
"611","Paris","93077","Villemomble","18","6.9",23920,"8.1","7583","11.3","115.8","0","1",0
"612","Paris","92077","Ville-d'Avray","22.3","6.9",38490,"7.7","2890.27","11.7","22.5","0","1",0
"613","Paris","93079","Villetaneuse","16","6",16640,"11","5505.65","10.1","192.5","0","1",0
"614","Paris","94001","Ablon-sur-Seine","16.9","8.8",24000,"7.7","5405.45","11.5","75.4","0","1",0
"615","Paris","94002","Alfortville","19.7","8.2",22360,"8.1","12174.59","11.5","120.1","0","1",0
"616","Paris","94003","Arcueil","21","6.5",23560,"10.8","9372.61","13.4","105.7","0","1",0
"617","Paris","94004","Boissy-Saint-Léger","17.6","5.5",21400,"10.7","1974.16","12.6","116","0","1",0
"618","Paris","94011","Bonneuil-sur-Marne","17.9","3.6",19530,"10.1","3409.09","7.7","134.4","0","1",0
"619","Paris","94015","Bry-sur-Marne","19.3","5.7",31250,"9.2","5117.65","11.2","50.1","0","1",0
"620","Paris","94016","Cachan","20.6","5.4",25800,"14.4","11330.37","12.4","71.2","0","1",0
"621","Paris","94017","Champigny-sur-Marne","17.9","5.5",21260,"9.6","6878.23","9.2","140.4","0","1",0
"622","Paris","94018","Charenton-le-Pont","25","7.8",30250,"8.2","15497.37","11.7","53","0","1",0
"623","Paris","94019","Chennevières-sur-Marne","17.9","5.9",23910,"8.4","3465.47","10.7","107.1","0","1",0
"624","Paris","94021","Chevilly-Larue","18.7","5.3",22100,"8.2","4839.52","8.2","101.6","0","1",0
"625","Paris","94022","Choisy-le-Roi","18.2","5.3",20840,"9.6","8542.41","10.8","120.8","0","1",0
"626","Paris","94028","Créteil","18.8","3.7",21270,"10.4","8086","12.3","135.2","0","1",0
"627","Paris","94033","Fontenay-sous-Bois","21.3","7.6",25750,"7.9","9252.14","10.3","91","0","1",0
"628","Paris","94034","Fresnes","18.1","6.2",23940,"10.1","7994.44","10.6","75.5","0","1",0
"629","Paris","94037","Gentilly","21.9","6.3",22390,"12","15873.33","14.8","114.6","0","1",0
"630","Paris","94038","L'Haÿ-les-Roses","18.4","6.9",24990,"8.7","8049.23","10","81.8","0","1",0
"631","Paris","94041","Ivry-sur-Seine","21","6.3",19680,"12.7","10491.97","15","117.4","0","1",0
"632","Paris","94042","Joinville-le-Pont","21.8","4.5",29100,"8.7","8875.22","10.5","60.4","0","1",0
"633","Paris","94043","Le Kremlin-Bicêtre","21.6","8.9",23910,"12.2","16253.33","14.6","96.6","0","1",0
"634","Paris","94044","Limeil-Brévannes","17.3","6",22550,"8.4","4057.83","14.7","109.4","0","1",0
"635","Paris","94046","Maisons-Alfort","21.2","6.4",28010,"9.2","10956.23","11.6","49.9","0","1",0
"636","Paris","94047","Mandres-les-Roses","16.4","5.3",28200,"7.7","1462.12","9.9","44.5","0","1",0
"637","Paris","94048","Marolles-en-Brie","17.6","2.8",32140,"8.1","1019.35","7.2","34.3","0","1",0
"638","Paris","94052","Nogent-sur-Marne","22","8.4",33240,"7.2","11954.29","12.8","51.5","0","1",0
"639","Paris","94053","Noiseau","16.8","4.4",28950,"7.5","1024.44","8.3","36.9","0","1",0
"640","Paris","94054","Orly","17.4","4.7",19610,"9","3654.03","10.5","156.2","0","1",0
"641","Paris","94055","Ormesson-sur-Marne","17.6","5.2",29610,"7.5","3100","6.3","36.7","0","1",0
"642","Paris","94056","Périgny","15.6","2.1",29480,"8.7","973.21","13.8","44.7","0","1",0
"643","Paris","94058","Le Perreux-sur-Marne","20.6","8.5",31180,"7.2","8553.25","12.2","48.3","0","1",0
"644","Paris","94059","Le Plessis-Trévise","17.2","1.4",26100,"7.9","4701.86","10.6","68.2","0","1",0
"645","Paris","94060","La Queue-en-Brie","17.2","3.3",25520,"9.2","1313.15","9.3","61.4","0","1",0
"646","Paris","93070","Saint-Ouen-sur-Seine","20.3","10.3",20440,"9.8","12373.72","14.2","124.5","0","1",0
"647","Paris","94067","Saint-Mandé","26.7","8.7",36180,"7.4","23550","12.3","42.8","0","1",0
"648","Paris","94068","Saint-Maur-des-Fossés","20.9","6.1",32730,"7.9","6735.8","11","49.2","0","1",0
"649","Paris","94069","Saint-Maurice","22.9","8",28510,"7.8","10430.71","14.2","51","0","1",0
"650","Paris","94070","Santeny","17.4","3.5",30540,"8.4","404.34","8","49.1","0","1",0
"651","Paris","94071","Sucy-en-Brie","17.9","0.5",28120,"8.6","2655.96","7.8","64.1","0","1",0
"652","Paris","93078","Villepinte","16.7","4.3",19060,"9.9","3723.56","9.1","150.2","0","1",0
"653","Paris","91027","Athis-Mons","16.4","5.9",22380,"8","4211.86","11","97.1","0","1",0
"654","Paris","91326","Juvisy-sur-Orge","17","6",23520,"9.1","8374.55","16.9","62.5","0","1",0
"655","Paris","91432","Morangis","17","6.3",26260,"8.2","2752.29","9.9","61.3","0","1",0
"656","Paris","91479","Paray-Vieille-Poste","16.8","8.4",25300,"7.8","1289.84","9","76.5","0","1",0
"657","Paris","91589","Savigny-sur-Orge","16.6","7.8",25590,"8.8","5338.71","11.1","68.6","0","1",0
"658","Paris","91687","Viry-Châtillon","16","11.4",21860,"7.7","5089.34","10.8","101.9","0","1",0
"659","Paris","92002","Antony","20.3","6.5",32000,"8.4","6586.67","11.5","40","0","1",0
"660","Paris","92004","Asnières-sur-Seine","22.3","9.4",28370,"8.6","18679.58","14.5","63.8","0","1",0
"661","Paris","92007","Bagneux","20.6","4.4",21040,"9.6","10404.52","10.5","98.8","0","1",0
"662","Paris","92009","Bois-Colombes","22.1","6.7",32650,"8.5","15665.79","14.1","34.7","0","1",0
"663","Paris","92012","Boulogne-Billancourt","26.6","6.8",35040,"8.3","19323.87","14.9","30.1","0","1",0
"664","Paris","92014","Bourg-la-Reine","22.1","7.6",33700,"9.3","10952.63","12.9","39.3","0","1",0
"665","Paris","92019","Châtenay-Malabry","20.2","6.2",27140,"8.9","5452.81","10.5","52.3","0","1",0
"666","Paris","92020","Châtillon","21.9","5.6",30550,"8.1","12681.72","12.3","45.3","0","1",0
"667","Paris","92022","Chaville","21.1","6.8",32290,"8.7","5711.71","13.6","32.8","0","1",0
"668","Paris","92023","Clamart","21.1","6.2",29920,"8.5","6192.16","11.7","53","0","1",0
"669","Paris","92024","Clichy","24.1","4.6",22410,"9.3","20919.03","15.1","73","0","1",0
"670","Paris","92025","Colombes","20.8","6.1",25100,"8.8","11393.59","11.8","82.5","0","1",0
"671","Paris","92026","Courbevoie","24.5","9",32080,"8.9","19408.57","13.6","39.9","0","1",0
"672","Paris","92032","Fontenay-aux-Roses","20.3","5.3",26990,"9.4","9908.8","11.6","61.6","0","1",0
"673","Paris","92033","Garches","21.6","6.5",36150,"7.5","6628.89","10.4","26.5","0","1",0
"674","Paris","92035","La Garenne-Colombes","23","7.6",33090,"7.8","16628.89","14.9","25.2","0","1",0
"675","Paris","92036","Gennevilliers","19.6","4.4",18380,"9.3","4259.48","8.6","127.9","0","1",0
"676","Paris","92040","Issy-les-Moulineaux","25.7","6.6",33650,"8","16328.57","14.2","29.5","0","1",0
"677","Paris","92044","Levallois-Perret","27.9","6.4",34500,"8.8","28337.08","16.5","26.9","0","1",0
"678","Paris","92046","Malakoff","23.1","5.3",25810,"9.9","14424.76","12.3","68.8","0","1",0
"679","Paris","92047","Marnes-la-Coquette","22.1","7.1",41740,"8.5","498.57","7.6","18.2","0","1",0
"680","Paris","92048","Meudon","21.6","6.1",30680,"7.1","4681.01","10.4","42.3","0","1",0
"681","Paris","92049","Montrouge","24.1","7.8",30500,"9.3","22693.81","13.8","41.6","0","1",0
"682","Paris","92050","Nanterre","21.6","4.7",21620,"10.7","7979.59","12.5","119.1","0","1",0
"683","Paris","92051","Neuilly-sur-Seine","31.2","8.5",48010,"8.1","16018.11","14","25.2","0","1",0
"684","Paris","92060","Le Plessis-Robinson","21.5","3.9",31000,"6.7","8596.47","10.8","25.1","0","1",0
"685","Paris","92062","Puteaux","25","8.9",30980,"7.7","13647.5","14.9","36.3","0","1",0
"686","Paris","92063","Rueil-Malmaison","22.1","6.8",32980,"7.3","5318.78","11.4","39.6","0","1",0
"687","Paris","92064","Saint-Cloud","24.3","7.1",39760,"7.5","3911.45","12","26.4","0","1",0
"688","Paris","92071","Sceaux","22.4","3.7",36010,"11.4","5691.11","13.6","36.8","0","1",0
"689","Paris","95018","Argenteuil","17.8","6.6",19350,"8.5","6233.78","11.5","157.3","0","1",0
"690","Paris","94074","Valenton","16.8","2.6",17690,"9.5","2732.45","9.2","180","0","1",0
"691","Paris","94075","Villecresnes","17.6","3",27830,"7.8","2078.93","9.3","65.5","0","1",0
"692","Paris","94076","Villejuif","20","6.3",21950,"12.2","10896.79","12.4","106.1","0","1",0
"693","Paris","94073","Thiais","18.2","4",24670,"8.4","4858.91","13.9","92.2","0","1",0
"694","Paris","94078","Villeneuve-Saint-Georges","15.8","7.3",16960,"11","4033.18","11.8","190.5","0","1",0
"695","Paris","94079","Villiers-sur-Marne","17.7","4",24020,"8.9","7132.33","11.7","91.6","0","1",0
"696","Paris","94080","Vincennes","26.8","6.5",34880,"7.3","25683.16","15.5","41.3","0","1",0
"697","Paris","94077","Villeneuve-le-Roi","17.6","3.3",22380,"9","2515.36","9.5","114.9","0","1",0
"698","Paris","94065","Rungis","18.6","6.1",29770,"8.4","1344.52","14.3","46.4","0","1",0
"699","Paris","94081","Vitry-sur-Seine","18.9","4.8",19490,"9.8","8222.65","10.3","132.9","0","1",0
"700","Rennes","35001","Acigné","12.3","4.7",25850,"7.4","232.7","11.4","42.3","0","0",85
"701","Rennes","35024","Betton","11.7","3.8",26890,"7.5","475.47","11.4","46.4","0","0",85
"702","Rennes","35039","Brécé","11.1","2.9",24510,"6.7","298.19","8.6","35.4","0","0",85
"703","Rennes","35047","Bruz","12.1","3.3",25250,"12.6","655.03","17.3","52.5","0","0",85
"704","Rennes","35051","Cesson-Sévigné","12.8","4.1",29450,"13.3","551.9","17.4","32.9","0","0",85
"705","Rennes","35032","Bourgbarré","11.3","4.1",24630,"6.8","322.54","14.3","32.1","0","0",85
"706","Rennes","35058","La Chapelle-Chaussée","10.8","5.4",23890,"5.9","87.84","7.4","24.9","0","0",85
"707","Rennes","35059","La Chapelle-des-Fougeretz","12","5",25490,"7","529.2","10.7","38","0","0",85
"708","Rennes","35065","La Chapelle-Thouarault","11.3","4.2",23720,"7.2","296.32","8.5","57.2","0","0",85
"709","Rennes","35066","Chartres-de-Bretagne","12.3","5.7",23890,"9.1","832.02","21.7","86.3","0","0",85
"710","Rennes","35076","Chavagne","11.8","5.7",24610,"6.8","356.05","13.7","46.4","0","0",85
"711","Rennes","35079","Chevaigné","10.3","3.4",26570,"6.9","229.61","9.5","25.9","0","0",85
"712","Rennes","35080","Cintré","11.3","6.7",24600,"7.2","305.18","11.1","33.4","0","0",85
"713","Rennes","35081","Clayes","11.4","8.9",24420,"8","217.91","12","24.8","0","0",85
"714","Rennes","35088","Corps-Nuds","11.2","5.1",23570,"6.5","156.77","10","38.1","0","0",85
"715","Rennes","35120","Gévezé","12","5.7",25190,"6.3","214.18","16.4","34.5","0","0",85
"716","Rennes","35131","L'Hermitage","11.4","4.2",24040,"7.6","690","14.8","72.3","0","0",85
"717","Rennes","35139","Laillé","11","4.6",26950,"6.5","160.34","12.8","35.6","0","0",85
"718","Rennes","35144","Langan","10.8","5.5",22890,"4.5","137.82","11","45.3","0","0",85
"719","Rennes","35180","Miniac-sous-Bécherel","10","5.8",22430,"5.3","58.53","10.9","0","0","0",85
"720","Rennes","35189","Montgermont","12.5","3.7",25860,"7.6","785.53","17.4","63.7","0","0",85
"721","Rennes","35196","Mordelles","12.6","4.9",23950,"8","256.98","15.1","45.8","0","0",85
"722","Rennes","35204","Nouvoitou","11.6","2.9",25160,"6","188.04","9.7","22.5","0","0",85
"723","Rennes","35206","Noyal-Châtillon-sur-Seiche","12.1","4",24960,"8.6","287.96","17.6","64.9","0","0",85
"724","Rennes","35208","Orgères","11.3","7.2",24350,"6.7","335.64","9.4","46.5","0","0",85
"725","Rennes","35210","Pacé","12.1","3",28450,"8.5","341.49","11.3","34.6","0","0",85
"726","Rennes","35216","Parthenay-de-Bretagne","11.4","5.8",24750,"6.9","373.54","11.9","29.9","0","0",85
"727","Rennes","35238","Rennes","14","6.7",22770,"21.1","4465.89","23.4","111.7","1","0",85
"728","Rennes","35240","Le Rheu","12.2","4.8",24780,"10","504.5","15.5","47.8","0","0",85
"729","Rennes","35245","Romillé","10.8","5.3",24370,"6.9","143.52","11.8","19.2","0","0",85
"730","Rennes","35250","Saint-Armel","11.7","5.6",24090,"8.2","291.15","17.6","39.5","0","0",85
"731","Rennes","35266","Saint-Erblon","12.2","4.3",24550,"7.3","317.98","14.5","57.5","0","0",85
"732","Rennes","35275","Saint-Gilles","11.4","3.5",24910,"6.5","260.97","11.7","43.9","0","0",85
"733","Rennes","35278","Saint-Grégoire","12.9","5.5",31110,"8.1","568.61","14.8","30.2","0","0",85
"734","Rennes","35281","Saint-Jacques-de-la-Lande","12.7","3.7",21730,"11","1157.29","17.9","80.4","0","0",85
"735","Rennes","35315","Saint-Sulpice-la-Forêt","9.6","3.2",27370,"4.9","223.73","7.9","26.5","0","0",85
"736","Rennes","35334","Thorigné-Fouillard","11.8","3.2",28380,"6.2","631.03","12.7","31.9","0","0",85
"737","Rennes","35351","Le Verger","11.3","3.2",23780,"6.9","202.71","9.8","37.7","0","0",85
"738","Rennes","35352","Vern-sur-Seiche","12.1","3.8",26480,"7.9","417.92","14.6","41","0","0",85
"739","Rennes","35022","Bécherel","10","12",21270,"6.4","1150","15.9","71","0","0",85
"740","Rennes","35363","Pont-Péan","11.5","4.8",25170,"8.3","492.61","12.2","33.4","0","0",85
"741","Rennes","35055","Chantepie","12.5","5.3",24870,"8.6","852.67","11.4","68.1","0","0",85
"742","Rennes","35353","Vezin-le-Coquet","12.7","3.1",24540,"9.4","802.15","13.3","65.1","0","0",85
"743","Rouen","76039","Les Authieux-sur-le-Port-Saint-Ouen","11.2","3.3",31250,"5.7","273.33","5.8","13.3","0","0",85
"744","Rouen","76056","Bardouville","10.3","4.1",23750,"6.7","71.16","5.8","0","0","0",85
"745","Rouen","76020","Anneville-Ambourville","10.9","2.6",23630,"6.2","57.54","5.3","29.2","0","0",85
"746","Rouen","76212","Darnétal","13.2","8.6",19340,"11.7","1987.35","19.5","178.6","0","0",85
"747","Rouen","76216","Déville-lès-Rouen","12","5.8",19820,"11.8","3357.81","17.3","163","0","0",85
"748","Rouen","76222","Duclair","12.1","10.7",22810,"6.8","402","11.8","57.1","0","0",85
"749","Rouen","76005","Amfreville-la-Mi-Voie","11.3","6.9",22480,"10.3","845.13","16","111.1","0","0",85
"750","Rouen","76237","Épinay-sur-Duclair","11.6","3.9",23170,"6.8","77.73","10.3","14.2","0","0",85
"751","Rouen","76273","Fontaine-sous-Préaux","12","0.9",28460,"5.2","160.86","8.6","0","0","0",85
"752","Rouen","76282","Freneuse","12.3","3.5",26440,"5.4","310.62","4.8","35.6","0","0",85
"753","Rouen","76231","Elbeuf","9.8","17.8",17120,"10.4","978.59","19.8","291.2","0","0",85
"754","Rouen","76319","Grand-Couronne","11.3","6.4",21100,"7.2","575.5","8.8","155.6","0","0",85
"755","Rouen","76322","Le Grand-Quevilly","12.3","2.8",20510,"7.2","2340.09","9.7","100.5","0","0",85
"756","Rouen","76350","Hautot-sur-Seine","10.8","4.4",25350,"5.3","180","6","20.4","0","0",85
"757","Rouen","76313","Gouy","11.2","4.6",28970,"5.7","179","7.9","0","0","0",85
"758","Rouen","76366","Le Houlme","13.1","5.7",21270,"8.2","1377.67","13.1","117.3","0","0",85
"759","Rouen","76367","Houppeville","13","3.8",28650,"5.3","138.65","6.4","29","0","0",85
"760","Rouen","76377","Isneauville","12.5","4.9",31100,"5.8","445.98","10.8","18.7","0","0",85
"761","Rouen","76378","Jumièges","10.9","6.9",24060,"5","91.81","6.1","19.5","0","0",85
"762","Rouen","76391","La Londe","9.7","4.7",27440,"4.9","76.19","6.7","17.3","0","0",85
"763","Rouen","76402","Malaunay","12","4.9",22540,"6.7","667.72","8.4","67.4","0","0",85
"764","Rouen","76410","Maromme","11.9","7.3",18590,"8.2","2756","13.2","184.5","0","0",85
"765","Rouen","76429","Le Mesnil-Esnard","12.7","4.4",28210,"7.2","1564.71","11.4","51.2","0","0",85
"766","Rouen","76436","Le Mesnil-sous-Jumièges","10.9","6.2",25990,"6.5","90.29","7.4","51.7","0","0",85
"767","Rouen","76448","Montmain","11.4","2.6",26740,"5.2","241.33","5.6","16.3","0","0",85
"768","Rouen","76451","Mont-Saint-Aignan","12.7","6.2",28790,"19.8","2540","19.7","56.4","0","0",85
"769","Rouen","76457","Moulineaux","10.4","6.2",22970,"9","266.29","11.1","82","0","0",85
"770","Rouen","76354","Hénouville","12","3.9",28850,"3.6","128.88","3.7","12.7","0","0",85
"771","Rouen","76474","Notre-Dame-de-Bondeville","12.1","7.3",22570,"9","1104.29","12.7","115.9","0","0",85
"772","Rouen","76475","Franqueville-Saint-Pierre","12.4","4.6",28970,"6.7","705.47","8.8","37","0","0",85
"773","Rouen","76484","Oissel","9.9","5.9",20400,"10","557.07","10.2","148.2","0","0",85
"774","Rouen","76486","Orival","8.7","9.8",23850,"6.7","89.58","8.2","53.4","0","0",85
"775","Rouen","76497","Petit-Couronne","10.9","5.3",21220,"8.7","678.75","11.2","141","0","0",85
"776","Rouen","76069","Belbeuf","11.1","7.6",30040,"5.5","346","6.3","18.6","0","0",85
"777","Rouen","76088","Berville-sur-Seine","10.9","6.1",22190,"8.7","77.57","7.3","29.7","0","0",85
"778","Rouen","76095","Bihorel","12.4","7.5",25600,"7.8","3279.6","12.7","87.4","0","0",85
"779","Rouen","76103","Bonsecours","12.6","4.9",26900,"6.7","1698.68","12.4","60.2","0","0",85
"780","Rouen","76108","Bois-Guillaume","12.7","5.6",32370,"7.2","1620.68","13.5","29.1","0","0",85
"781","Rouen","76116","Boos","11.3","3.7",25620,"6.4","285.07","9.9","27.4","0","0",85
"782","Rouen","76131","La Bouille","10.3","13.6",23950,"6.2","546.15","16.7","65.8","0","0",85
"783","Rouen","76157","Canteleu","11.2","8.3",18480,"9.1","793.52","12","185.8","0","0",85
"784","Rouen","76165","Caudebec-lès-Elbeuf","9.7","11.8",19660,"8.1","2739.19","12.3","199.6","0","0",85
"785","Rouen","76178","Cléon","9.7","11.7",19240,"7.7","754.92","12","207.1","0","0",85
"786","Rouen","76591","Saint-Jacques-sur-Darnétal","11.9","4.6",27720,"5.1","188.74","8.5","19.2","0","0",85
"787","Rouen","76599","Saint-Léger-du-Bourg-Denis","11.5","5.5",24510,"8.5","1300.36","11.9","78.5","0","0",85
"788","Rouen","76608","Sainte-Marguerite-sur-Duclair","11","3",25590,"6.2","278.36","5.9","19.6","0","0",85
"789","Rouen","76614","Saint-Martin-de-Boscherville","10.9","4.5",32010,"5.1","119.46","5.4","11.7","0","0",85
"790","Rouen","76617","Saint-Martin-du-Vivier","13.4","2.8",36360,"5.6","334.4","6.5","5.4","0","0",85
"791","Rouen","76631","Saint-Paër","11.6","4.4",25090,"5","70.98","4.8","25.8","0","0",85
"792","Rouen","76634","Saint-Pierre-de-Manneville","10.8","4.5",26100,"3.3","86.08","6.3","9.6","0","0",85
"793","Rouen","76636","Saint-Pierre-de-Varengeville","10.2","4.3",25000,"4.7","174.17","6.4","33.3","0","0",85
"794","Rouen","76640","Saint-Pierre-lès-Elbeuf","11.3","6.7",21990,"6.7","1294.53","8.8","105.4","0","0",85
"795","Rouen","76681","Sotteville-lès-Rouen","11.6","6.7",21230,"7.5","3914.19","11.9","217","0","0",85
"796","Rouen","76682","Sotteville-sous-le-Val","11.1","7.3",25290,"6.7","140","8.2","0","0","0",85
"797","Rouen","76705","Tourville-la-Rivière","12.3","3.9",23500,"7.8","321","11.4","96.9","0","0",85
"798","Rouen","76709","Le Trait","11.2","8.1",20610,"7.4","273.14","10.7","108","0","0",85
"799","Rouen","76717","Val-de-la-Haye","10.8","5.3",25200,"7.5","69.41","4.5","34.1","0","0",85
"800","Rouen","76750","Yainville","10.9","6.3",22570,"6.8","314.24","6.8","36.9","0","0",85
"801","Rouen","76753","Ymare","11.1","2.4",27890,"5.6","303","6.4","12.8","0","0",85
"802","Rouen","76759","Yville-sur-Seine","10.3","5.8",23770,"5.6","52.56","8.2","37.3","0","0",85
"803","Rouen","76498","Le Petit-Quevilly","11.8","10.6",18940,"9.3","5065.58","14.3","157.8","0","0",85
"804","Rouen","76513","Quevillon","10.3","2.4",28870,"5.6","52.68","3.8","0","0","0",85
"805","Rouen","76514","Quévreville-la-Poterie","11.1","3.9",25930,"5.6","219.57","5.5","16","0","0",85
"806","Rouen","76536","Roncherolles-sur-le-Vivier","13.4","2.8",26060,"5.6","232.26","7.3","27.8","0","0",85
"807","Rouen","76540","Rouen","12.7","9.9",21330,"20.5","5330.98","25.2","128.7","1","0",85
"808","Rouen","76550","Sahurs","10.3","2.8",25060,"7.1","108.84","5.9","13.1","0","0",85
"809","Rouen","76558","Saint-Aubin-Celloville","11.1","3.2",26240,"4.3","176.27","6.1","13.5","0","0",85
"810","Rouen","76464","La Neuville-Chant-d'Oisel","11.3","4.8",27350,"5.3","109.04","4.6","20.7","0","0",85
"811","Rouen","76561","Saint-Aubin-lès-Elbeuf","10.7","6.8",21590,"6.4","1453.1","12","122.7","0","0",85
"812","Rouen","76575","Saint-Étienne-du-Rouvray","11.3","7.4",18910,"11.1","1566.37","14.4","161.5","0","0",85
"813","Rouen","76560","Saint-Aubin-Épinay","11.4","2.7",26210,"5.6","103.98","6.9","39.1","0","0",85
"814","Saint-Étienne","42031","Caloire","10.4","6.7",29190,"6.7","66.81","5.6","0","0","0",165
"815","Saint-Étienne","42032","Cellieu","10.1","3.9",26190,"6.7","140.99","9.6","9.6","0","0",165
"816","Saint-Étienne","42001","Aboën","7.5","8.6",23450,"5.5","52.56","6","0","0","0",165
"817","Saint-Étienne","42043","Chambœuf","9.7","4",27920,"6.2","161.89","5.7","9.2","0","0",165
"818","Saint-Étienne","42044","Le Chambon-Feugerolles","8.3","10.2",18610,"7.9","689.49","10.1","140.2","0","0",165
"819","Saint-Étienne","42053","Châteauneuf","11.4","4.7",26200,"4.7","122.26","6.5","10.1","0","0",165
"820","Saint-Étienne","42036","Chagnon","8.9","5.9",25240,"5.1","205.2","10.4","0","0","0",165
"821","Saint-Étienne","42085","Doizieux","10","11.9",24650,"6.5","30.32","6.7","0","0","0",165
"822","Saint-Étienne","42092","L'Étrat","10.7","6.4",27460,"7.2","326.82","16","33.9","0","0",165
"823","Saint-Étienne","42093","Farnay","10.4","3.8",28690,"6.7","172.15","4.6","12.4","0","0",165
"824","Saint-Étienne","42095","Firminy","8.9","13",19020,"8.6","1647.79","11.9","183.7","0","0",165
"825","Saint-Étienne","42096","Fontanès","8.9","5.6",23590,"8.7","103.03","4.9","0","0","0",165
"826","Saint-Étienne","42005","Andrézieux-Bouthéon","10.9","8.9",22200,"7.4","624.97","12.1","76.9","0","0",165
"827","Saint-Étienne","42099","Fraisses","9","8.6",23530,"7","821.52","8.7","37.7","0","0",165
"828","Saint-Étienne","42100","La Gimond","8.9","6",22910,"5.8","81.76","9.5","0","0","0",165
"829","Saint-Étienne","42103","La Grand-Croix","9.8","9",21280,"8.1","1256.5","10.7","91","0","0",165
"830","Saint-Étienne","42110","L'Horme","9.7","9.1",21200,"7.6","1101.14","11.1","94.3","0","0",165
"831","Saint-Étienne","42123","Lorette","9.9","8.2",21450,"7.1","1416.76","9.9","61.4","0","0",165
"832","Saint-Étienne","42133","Marcenod","8.9","4.9",24500,"7.5","76.78","5.6","0","0","0",165
"833","Saint-Étienne","42167","Pavezin","10","7.3",24130,"4.4","43.48","5.8","0","0","0",165
"834","Saint-Étienne","42183","La Ricamarie","7.8","11.7",17020,"7.3","1149.43","11.1","250.4","0","0",165
"835","Saint-Étienne","42186","Rive-de-Gier","9.1","11.1",19320,"7.7","2084.11","10.4","131.3","0","0",165
"836","Saint-Étienne","42189","Roche-la-Molière","8.6","6.1",22590,"7.5","566.84","8.9","66.2","0","0",165
"837","Saint-Étienne","42192","Rozier-Côtes-d'Aurec","7.5","10.1",22560,"5.9","30.65","9.5","20","0","0",165
"838","Saint-Étienne","42206","Saint-Bonnet-les-Oules","11.1","3.4",31840,"5.7","142.58","5.1","4.6","0","0",165
"839","Saint-Étienne","42207","Saint-Chamond","10.4","13.2",20330,"8.1","638.76","11.1","133","0","0",165
"840","Saint-Étienne","42208","Saint-Christo-en-Jarez","8.9","6.2",24420,"5.7","86.97","10.6","8.4","0","0",165
"841","Saint-Étienne","42210","Sainte-Croix-en-Jarez","10","10.6",24000,"6","40","6.5","0","0","0",165
"842","Saint-Étienne","42218","Saint-Étienne","10","12.5",19010,"13.4","2158.98","18.5","151.2","1","0",165
"843","Saint-Étienne","42222","Saint-Galmier","10.1","7",26680,"6.6","299.59","12.7","21.8","0","0",165
"844","Saint-Étienne","42223","Saint-Genest-Lerpt","9.1","6.5",24970,"6.3","486.85","10.4","42.8","0","0",165
"845","Saint-Étienne","42225","Genilac","8.9","4.6",25220,"6.3","441.72","7.1","20.6","0","0",165
"846","Saint-Étienne","42234","Saint-Héand","9","7.3",25650,"6","117.76","8.9","14.1","0","0",165
"847","Saint-Étienne","42237","Saint-Jean-Bonnefonds","10.7","6.2",23950,"7.1","569.91","9.5","55.4","0","0",165
"848","Saint-Étienne","42242","Saint-Joseph","10.4","7.3",25430,"7.5","243.46","6.1","23.8","0","0",165
"849","Saint-Étienne","42259","Saint-Martin-la-Plaine","9.1","6.5",25630,"7.1","390.1","8.1","8.7","0","0",165
"850","Saint-Étienne","42262","Saint-Maurice-en-Gourgois","6.6","11.2",24080,"6.1","57.3","6.4","26.7","0","0",165
"851","Saint-Étienne","42266","Saint-Nizier-de-Fornas","7.1","1.9",24360,"7","41.26","7.2","12.7","0","0",165
"852","Saint-Étienne","42270","Saint-Paul-en-Cornillon","9.5","7.7",27970,"5.7","363.51","8.9","38.8","0","0",165
"853","Saint-Étienne","42271","Saint-Paul-en-Jarez","10.6","5.9",23630,"5.9","238.55","8.4","59.2","0","0",165
"854","Saint-Étienne","42275","Saint-Priest-en-Jarez","10.9","8.9",25120,"7.3","1988.39","12.2","45.3","0","0",165
"855","Saint-Étienne","42283","Saint-Romain-en-Jarez","8.9","5.1",24250,"7.4","71.24","6.6","13","0","0",165
"856","Saint-Étienne","42302","Sorbiers","11.1","6.1",25720,"6.4","659.18","7.3","53.5","0","0",165
"857","Saint-Étienne","42305","La Talaudière","10.8","6.1",23700,"7.5","930.66","11.5","50","0","0",165
"858","Saint-Étienne","42307","Tartaras","11.4","3.1",25780,"7.2","235.9","7.6","8.2","0","0",165
"859","Saint-Étienne","42308","La Terrasse-sur-Dorlay","10.1","12.7",23310,"5.6","88.62","10.5","0","0","0",165
"860","Saint-Étienne","42083","Dargoire","9.4","2.5",27540,"4.2","276.84","2.5","0","0","0",165
"861","Saint-Étienne","42316","Unieux","9.1","12.2",22060,"6.9","985.93","10.1","77.6","0","0",165
"862","Saint-Étienne","42320","Valfleury","10.1","8.2",23260,"7.3","80.57","10.7","11.1","0","0",165
"863","Saint-Étienne","42322","La Valla-en-Gier","9.5","10",23150,"4.5","31.38","8.5","15.6","0","0",165
"864","Saint-Étienne","42330","Villars","9.4","6.5",23540,"6.8","1365.44","9.5","53.6","0","0",165
"865","Saint-Étienne","42097","La Fouillouse","10","7.6",26800,"7.4","225.97","9.7","41.8","0","0",165
"866","Saint-Étienne","42311","La Tour-en-Jarez","11.3","3.7",30650,"5.3","294.6","8.7","50.2","0","0",165
"867","Strasbourg","67001","Achenheim","13.9","2.8",28520,"6","417.33","8.8","20","0","0",106
"868","Strasbourg","67065","Breuschwickersheim","13","7.9",27730,"4.9","262.16","12","6.3","0","0",106
"869","Strasbourg","67118","Eckbolsheim","13.2","5.2",25540,"6.6","1358.3","10.9","51","0","0",106
"870","Strasbourg","67043","Bischheim","13.5","6.1",19700,"9.5","4077.05","11.4","151.5","0","0",106
"871","Strasbourg","67124","Entzheim","14.6","4.4",26100,"7.2","307.32","12.6","24.2","0","0",106
"872","Strasbourg","67131","Eschau","13.9","5.1",27100,"6.9","486.95","9.8","47.4","0","0",106
"873","Strasbourg","67137","Fegersheim","13.8","5.3",26570,"6.7","931.77","9","32.6","0","0",106
"874","Strasbourg","67119","Eckwersheim","13.5","5.2",29240,"6.5","187.07","8.1","17.1","0","0",106
"875","Strasbourg","67182","Hangenbieten","13.9","8.4",28050,"6.3","424.39","17.1","16.9","0","0",106
"876","Strasbourg","67204","Hœnheim","14.2","6.1",22500,"7.7","3373.24","9.3","93.7","0","0",106
"877","Strasbourg","67212","Holtzheim","13.7","5.6",26950,"6.3","569.71","11.6","19.5","0","0",106
"878","Strasbourg","67218","Illkirch-Graffenstaden","14.2","9.7",24190,"11.1","1221.53","13.9","72.6","0","0",106
"879","Strasbourg","67247","Kolbsheim","13","8.5",28930,"6.6","303.64","10","16.2","0","0",106
"880","Strasbourg","67049","Blaesheim","13.4","4.5",29530,"5.3","135.6","6.2","5.8","0","0",106
"881","Strasbourg","67267","Lingolsheim","13.6","4.9",22260,"7.7","3555.44","11.3","93","0","0",106
"882","Strasbourg","67268","Lipsheim","14.9","5.6",28160,"6.9","534","8.3","20.3","0","0",106
"883","Strasbourg","67296","Mittelhausbergen","14.7","5.4",31010,"6","1231.76","14.4","15.4","0","0",106
"884","Strasbourg","67309","Mundolsheim","13.3","6.7",27220,"5.9","1237.56","14.9","41.5","0","0",106
"885","Strasbourg","67326","Niederhausbergen","14.3","5.2",29950,"6","539.68","10.6","18.9","0","0",106
"886","Strasbourg","67343","Oberhausbergen","14.1","10.2",26410,"6.5","1462.11","16.2","43.5","0","0",106
"887","Strasbourg","67350","Oberschaeffolsheim","14.2","14.7",27610,"5.6","341.05","11.1","16.6","0","0",106
"888","Strasbourg","67363","Osthoffen","13","4.3",29230,"7.1","157.25","6.8","0","0","0",106
"889","Strasbourg","67365","Ostwald","13.8","4.5",22150,"9.4","1874.65","10.6","115.5","0","0",106
"890","Strasbourg","67378","Plobsheim","14.1","5.2",27380,"6.2","269.46","7.2","43.2","0","0",106
"891","Strasbourg","67389","Reichstett","12.4","4.5",25920,"6.1","575.79","8.2","61.9","0","0",106
"892","Strasbourg","67447","Schiltigheim","13.5","7.8",19660,"9.4","4490.66","13.7","145.7","0","0",106
"893","Strasbourg","67471","Souffelweyersheim","14","5",26470,"6.4","1804.44","9","54.9","0","0",106
"894","Strasbourg","67482","Strasbourg","14.5","8.5",20260,"16.4","3720.47","18.6","140.8","1","0",106
"895","Strasbourg","67506","Vendenheim","12.7","4.8",26160,"7.9","380","10.4","64.4","0","0",106
"896","Strasbourg","67519","La Wantzenau","14.3","6",30220,"5.3","232.05","7.2","27.2","0","0",106
"897","Strasbourg","67551","Wolfisheim","13.2","6",26060,"6.7","743.75","10.8","37","0","0",106
"898","Strasbourg","67256","Lampertheim","14","5.1",29820,"6.1","523.94","9.7","28.1","0","0",106
"899","Strasbourg","67152","Geispolsheim","14.4","5.5",25970,"6.4","345.59","9.2","51.9","0","0",106
"900","Toulon","83137","Toulon","13.7","3.6",20960,"8.2","4216.17","13.2","153","1","0",230
"901","Toulon","83144","La Valette-du-Var","14.6","6.4",23810,"7.1","1545.48","14.9","61.3","0","0",230
"902","Toulon","83034","Carqueiranne","17.6","5.4",27440,"5.2","649.45","11.6","50.3","0","0",230
"903","Toulon","83047","La Crau","14.5","3.6",25280,"6.9","506.04","11.5","50.6","0","0",230
"904","Toulon","83062","La Garde","15.7","5",23560,"10.8","1671.74","16.1","72.8","0","0",230
"905","Toulon","83153","Saint-Mandrier-sur-Mer","15.4","3.2",23750,"22.4","1191.96","12.3","48.2","0","0",230
"906","Toulon","83090","Ollioules","13.5","5.6",25060,"6.3","704.07","10.3","89.5","0","0",230
"907","Toulon","83098","Le Pradet","15.1","4.5",25660,"6","1072.8","9.7","58.3","0","0",230
"908","Toulon","83103","Le Revest-les-Eaux","14.2","7",27590,"5.6","166.06","10","42.6","0","0",230
"909","Toulon","83069","Hyères","15","6.1",22960,"6.6","416.19","12.8","95.9","0","0",230
"910","Toulon","83126","La Seyne-sur-Mer","13.9","9.5",21400,"6.5","2827.16","11.7","151.5","0","0",230
"911","Toulon","83129","Six-Fours-les-Plages","15.7","4.2",24660,"4.9","1361.02","10.7","70","0","0",230
"912","Toulouse","31003","Aigrefeuille","12.8","1.3",32490,"6.9","278.26","8.1","16.5","0","0",250
"913","Toulouse","31032","Aussonne","11.8","5.3",26070,"6.9","540.94","19.3","83.9","0","0",250
"914","Toulouse","31053","Beaupuy","11","3.6",30020,"4.8","217.76","3.8","13.3","0","0",250
"915","Toulouse","31022","Aucamville","12.2","6.7",22860,"8.2","2337.25","17.5","93.8","0","0",250
"916","Toulouse","31069","Blagnac","13","4.1",25350,"10","1566.04","16.7","76.7","0","0",250
"917","Toulouse","31088","Brax","11","4.4",30110,"6","655.68","8.5","40.2","0","0",250
"918","Toulouse","31091","Bruguières","11.3","5.8",25540,"6.1","661.89","14.6","53.7","0","0",250
"919","Toulouse","31056","Beauzelle","12.4","6.8",24650,"8.2","1740","18.5","92.8","0","0",250
"920","Toulouse","31149","Colomiers","12.4","1.2",23690,"7.9","1930.72","13.4","105.3","0","0",250
"921","Toulouse","31150","Cornebarrieu","12.1","7.3",25600,"6.9","436.58","13.8","86.1","0","0",250
"922","Toulouse","31157","Cugnaux","12","5.1",23980,"8.1","1564.69","15.2","104.8","0","0",250
"923","Toulouse","31163","Drémil-Lafage","12.8","4.2",30000,"5.5","211.04","6.6","23.6","0","0",250
"924","Toulouse","31182","Fenouillet","11.5","7.2",22940,"7.6","588.95","14.8","93.2","0","0",250
"925","Toulouse","31184","Flourens","12.7","3.4",29110,"4.4","214.54","6.9","31.8","0","0",250
"926","Toulouse","31044","Balma","13","6",28580,"9.4","1047.29","13.6","45.9","0","0",250
"927","Toulouse","31205","Gagnac-sur-Garonne","11.5","5.4",25090,"6.9","742.33","9.8","33.9","0","0",250
"928","Toulouse","31230","Gratentour","11.3","4.7",25020,"5.7","1146.1","13","60.5","0","0",250
"929","Toulouse","31282","Launaguet","12","5.9",23290,"7.9","1322.86","12.7","86","0","0",250
"930","Toulouse","31293","Lespinasse","11.5","4.1",24570,"6.9","694.05","13.1","60.4","0","0",250
"931","Toulouse","31351","Mondonville","11.5","8.3",23920,"8.2","477.31","27.6","80.7","0","0",250
"932","Toulouse","31116","Castelginest","11.6","5.7",23790,"6.5","1342.72","15.6","79.5","0","0",250
"933","Toulouse","31355","Mons","12.8","2.6",33530,"6.4","249.32","5.4","12.9","0","0",250
"934","Toulouse","31389","Montrabé","11.9","5.6",28350,"6.8","805.96","9.8","29.7","0","0",250
"935","Toulouse","31417","Pibrac","11.8","5",30690,"5.3","335.06","10.6","50.1","0","0",250
"936","Toulouse","31418","Pin-Balma","12.7","4.4",35860,"4.9","149.85","6.1","33.4","0","0",250
"937","Toulouse","31445","Quint-Fonsegrives","13.3","3.9",28470,"6","811.49","17.5","36","0","0",250
"938","Toulouse","31467","Saint-Alban","11.5","8.6",23010,"6.5","1500.93","15.5","69.2","0","0",250
"939","Toulouse","31488","Saint-Jean","12.7","5",25940,"5.6","1905.59","12.2","49.4","0","0",250
"940","Toulouse","31490","Saint-Jory","11.2","6.3",22560,"7.8","384.61","14.2","105.3","0","0",250
"941","Toulouse","31506","Saint-Orens-de-Gameville","12.6","5.5",26190,"7","1050.84","14.3","63.4","0","0",250
"942","Toulouse","31541","Seilh","12.2","8.6",30250,"7","526.77","16.3","26.5","0","0",250
"943","Toulouse","31555","Toulouse","13.5","8.2",22140,"18.7","4261.01","24","105.1","1","0",250
"944","Toulouse","31557","Tournefeuille","12.6","4.4",29020,"6.8","1617.53","12.6","70.9","0","0",250
"945","Toulouse","31561","L'Union","12.8","6.1",27930,"6.2","1817.35","9.4","54.9","0","0",250
"946","Toulouse","31588","Villeneuve-Tolosane","11.7","6",24100,"6.6","2033.14","15.3","92.7","0","0",250
"947","Toulouse","31352","Mondouzil","12.8","6.2",31680,"8.4","52.44","8","72.8","0","0",250
"948","Toulouse","31186","Fonbeauzard","11.9","8",23240,"6.6","2283.08","18.2","55.8","0","0",250
"949","Tours","37025","Berthenay","10.4","3.8",25630,"7.5","96.11","5.8","21.8","0","0",95
"950","Tours","37050","Chambray-lès-Tours","12.6","4",24280,"10.6","597.37","14.1","72","0","0",95
"951","Tours","37054","Chanceaux-sur-Choisille","9.2","3.2",25710,"6.6","190.22","7.8","25.3","0","0",95
"952","Tours","37109","Fondettes","12","4.5",28030,"6.7","337.77","9","35.6","0","0",95
"953","Tours","37122","Joué-lès-Tours","11.1","5.6",21520,"9.7","1178.49","13.4","123.8","0","0",95
"954","Tours","37139","Luynes","10.4","5.4",25790,"6.2","149.26","8.5","33.3","0","0",95
"955","Tours","37018","Ballan-Miré","12","4",26590,"5.7","313.63","10.6","32","0","0",95
"956","Tours","37152","Mettray","10.9","3.9",27460,"4.8","200.19","8.7","66","0","0",95
"957","Tours","37172","Notre-Dame-d'Oé","11.7","4.1",25460,"6.1","544.29","8.4","27.8","0","0",95
"958","Tours","37179","Parçay-Meslay","9.2","4.9",25720,"5.9","181.21","7.8","15.9","0","0",95
"959","Tours","37151","La Membrolle-sur-Choisille","11.8","3.6",27100,"5.5","476.96","11.1","35.7","0","0",95
"960","Tours","37203","Rochecorbon","11.5","10.3",27830,"6","191.67","10.2","41.7","0","0",95
"961","Tours","37208","Saint-Avertin","12.1","5.4",28660,"5.9","1136.36","10.6","45.3","0","0",95
"962","Tours","37214","Saint-Cyr-sur-Loire","12.4","6.8",27110,"6.8","1259.56","11.8","38.7","0","0",95
"963","Tours","37217","Saint-Étienne-de-Chigny","9.5","5.9",24020,"4.5","76.49","9.3","34.8","0","0",95
"964","Tours","37219","Saint-Genouph","10.4","6.6",25490,"6.2","218.09","5.6","15.1","0","0",95
"965","Tours","37233","Saint-Pierre-des-Corps","11.2","8.1",19240,"8","1407.88","11.3","197.1","0","0",95
"966","Tours","37243","Savonnières","10.4","6.3",27530,"4.6","199.64","8.9","24.1","0","0",95
"967","Tours","37261","Tours","12.7","10.3",21250,"18","3967.09","21.5","118.6","1","0",95
"968","Tours","37272","Villandry","10.4","6.5",26000,"5.3","63.82","8.5","19.9","0","0",95
"969","Tours","37099","Druye","9.5","6.6",24340,"4.8","42.49","11.1","8.1","0","0",95
"970","Tours","37195","La Riche","12.3","5.8",21670,"17.1","1259.15","19.4","134.4","0","0",95
